Workbook

Sheet How to use
A1: Feature price review
A3: Why this exists
A4: The Learn screen's Features tab needs a price and requirements for every feature in the compendium. 99 features matched the rules workbook (Odbornosti) automatically; they are listed on the Auto-accepted sheet for a spot check. The 124 on the Review sheet did not, and need your decision.
A6: What to fill in (yellow columns on the Review sheet)
A7: Decision: pick one from the dropdown.
A8: Accept = use the suggested book row (column D).
A9: Use row = use the book row number you type in column I (find numbers on the Book rows sheet).
A10: Manual = no book row fits; type the price in J, currency in K and requirements in L.
A11: Not buyable = leave this feature out of the Available list.
A12: Requirements (L): write them the way the book does, Czech is fine, clauses separated by ; and alternatives by /. Example: Akrobacie V; Souboj V / Střelba V
A13: Notes (M): anything I should know, e.g. "rename the item to match the book".
A15: Pre-filled rows
... A20: Example (a filled-in row, not part of the data)
A21: Pack feature | B21: Decision | C21: Book row # (if Use row) | D21: Manual cost | E21: Manual currency | F21: Manual requirements | G21: Notes
A22: Polearm master | B22: Manual | D22: 5 | E22: CP | F22: Dřevcové VI; Učitel I | G22: Book has Dřevcový mistr at row 44, but that one needs no teacher

Sheet Review
A1: Pack feature (English) | B1: Czech name | C1: Pack folder | D1: Suggested book row # | E1: Suggested book name | F1: Why suggested | G1: Other candidates | H1: Decision | I1: Book row # (if Use row) | J1: Manual cost | K1: Manual currency | L1: Manual requirements | M1: Notes | N1: Resolved row # | O1: Resolved cost | P1: Resolved currency | Q1: Resolved requirements
A2: Acrobatic defense | B2: Akrobatická obrana | C2: Features / Combat features | D2: 20 | E2: Akrobatická obrana I | F2: Book has tiers (I, II...) but the pack has one item; tier I suggested | G2: r22 Akrobatická obrana II (0.92); r24 Akrobatická obrana III (0.90); r26 Akrobat I (0.59); r338 Plošná obrana (0.58) | N2: =IF(H2="Accept",D2,IF(H2="Use row",I2,"")) | O2: =IF(H2="Manual",IF(J2="","",J2),IF(N2="","",IFERROR(INDEX('Book rows'!$D$2:$D$392,MATCH(N2,'Book rows'!$A$2:$A$392,0)),"row not found"))) | P2: =IF(H2="Manual",IF(K2="","",K2),IF(N2="","",IFERROR(INDEX('Book rows'!$E$2:$E$392,MATCH(N2,'Book rows'!$A$2:$A$392,0)),"row not found"))) | Q2: =IF(H2="Manual",IF(L2="","",L2),IF(N2="","",IFERROR(INDEX('Book rows'!$F$2:$F$392,MATCH(N2,'Book rows'!$A$2:$A$392,0)),"row not found")))
A3: Adept: Combat | B3: Adept: Souboj | C3: Features / Combat features | D3: 14 | E3: Adept boje | F3: Same feature: the book calls it Adept boje | G3: r16 Expert boje (0.61); r166 Zákeřný boj (0.52); r314 Adept Magie (0.52); r267 Spolubojovník (0.48) | H3: Accept | N3: =IF(H3="Accept",D3,IF(H3="Use row",I3,"")) | O3: =IF(H3="Manual",IF(J3="","",J3),IF(N3="","",IFERROR(INDEX('Book rows'!$D$2:$D$392,MATCH(N3,'Book rows'!$A$2:$A$392,0)),"row not found"))) | P3: =IF(H3="Manual",IF(K3="","",K3),IF(N3="","",IFERROR(INDEX('Book rows'!$E$2:$E$392,MATCH(N3,'Book rows'!$A$2:$A$392,0)),"row not found"))) | Q3: =IF(H3="Manual",IF(L3="","",L3),IF(N3="","",IFERROR(INDEX('Book rows'!$F$2:$F$392,MATCH(N3,'Book rows'!$A$2:$A$392,0)),"row not found")))
A4: Battle Hardened I | B4: Zocelený bojem I | C4: Features / Combat features | D4: 176 | E4: Zocelený bojem | F4: Name looks alike (0.93); check it is the same feature | G4: r307 Zocelený (0.67); r166 Zákeřný boj (0.59); r16 Expert boje (0.52); r508 Železná kůže (0.50) | N4: =IF(H4="Accept",D4,IF(H4="Use row",I4,"")) | O4: =IF(H4="Manual",IF(J4="","",J4),IF(N4="","",IFERROR(INDEX('Book rows'!$D$2:$D$392,MATCH(N4,'Book rows'!$A$2:$A$392,0)),"row not found"))) | P4: =IF(H4="Manual",IF(K4="","",K4),IF(N4="","",IFERROR(INDEX('Book rows'!$E$2:$E$392,MATCH(N4,'Book rows'!$A$2:$A$392,0)),"row not found"))) | Q4: =IF(H4="Manual",IF(L4="","",L4),IF(N4="","",IFERROR(INDEX('Book rows'!$F$2:$F$392,MATCH(N4,'Book rows'!$A$2:$A$392,0)),"row not found")))
A5: Combat Genius | B5: Bojový génius | C5: Features / Combat features | D5: 38 | E5: Bojový génius I | F5: Book has tiers (I, II...) but the pack has one item; tier I suggested | G5: r40 Bojový génius II (0.90); r187 Bojová připravenost (0.56); r629 Obojživelník (0.56); r267 Spolubojovník (0.54) | N5: =IF(H5="Accept",D5,IF(H5="Use row",I5,"")) | O5: =IF(H5="Manual",IF(J5="","",J5),IF(N5="","",IFERROR(INDEX('Book rows'!$D$2:$D$392,MATCH(N5,'Book rows'!$A$2:$A$392,0)),"row not found"))) | P5: =IF(H5="Manual",IF(K5="","",K5),IF(N5="","",IFERROR(INDEX('Book rows'!$E$2:$E$392,MATCH(N5,'Book rows'!$A$2:$A$392,0)),"row not found"))) | Q5: =IF(H5="Manual",IF(L5="","",L5),IF(N5="","",IFERROR(INDEX('Book rows'!$F$2:$F$392,MATCH(N5,'Book rows'!$A$2:$A$392,0)),"row not found")))
A6: Deadly Lunge | B6: Smrtící výpad | C6: Features / Combat features | D6: 140 | E6: Smrtící výpad I | F6: Book has tiers (I, II...) but the pack has one item; tier I suggested | G6: r142 Smrtící výpad II (0.90); r821 Smrtící spáry (0.77); r104 Precizní výpad (0.67); r659 Dračí výdrž (0.58) | N6: =IF(H6="Accept",D6,IF(H6="Use row",I6,"")) | O6: =IF(H6="Manual",IF(J6="","",J6),IF(N6="","",IFERROR(INDEX('Book rows'!$D$2:$D$392,MATCH(N6,'Book rows'!$A$2:$A$392,0)),"row not found"))) | P6: =IF(H6="Manual",IF(K6="","",K6),IF(N6="","",IFERROR(INDEX('Book rows'!$E$2:$E$392,MATCH(N6,'Book rows'!$A$2:$A$392,0)),"row not found"))) | Q6: =IF(H6="Manual",IF(L6="","",L6),IF(N6="","",IFERROR(INDEX('Book rows'!$F$2:$F$392,MATCH(N6,'Book rows'!$A$2:$A$392,0)),"row not found")))
A7: Deep Slash | B7: Hluboký sek | C7: Features / Combat features | D7: 702 | E7: Hluboký spánek | F7: Name looks alike (0.88); check it is the same feature | G7: r797 Hluboká znalost (0.62); r54 Hluboká rána (0.61); r324 Hluboké soustředění (0.60); r422 Hluboká nenávist (0.59) | N7: =IF(H7="Accept",D7,IF(H7="Use row",I7,"")) | O7: =IF(H7="Manual",IF(J7="","",J7),IF(N7="","",IFERROR(INDEX('Book rows'!$D$2:$D$392,MATCH(N7,'Book rows'!$A$2:$A$392,0)),"row not found"))) | P7: =IF(H7="Manual",IF(K7="","",K7),IF(N7="","",IFERROR(INDEX('Book rows'!$E$2:$E$392,MATCH(N7,'Book rows'!$A$2:$A$392,0)),"row not found"))) | Q7: =IF(H7="Manual",IF(L7="","",L7),IF(N7="","",IFERROR(INDEX('Book rows'!$F$2:$F$392,MATCH(N7,'Book rows'!$A$2:$A$392,0)),"row not found")))
A8: Endurance of Stone | B8: Kamenná výdrž | C8: Features / Combat features | F8: No real candidate in the book | G8: r659 Dračí výdrž (0.58); r360 Temperament Vody (0.48); r104 Precizní výpad (0.44); r373 Kouzelné zvíře (0.44); r376 Temperament Vzduchu (0.44) | N8: =IF(H8="Accept",D8,IF(H8="Use row",I8,"")) | O8: =IF(H8="Manual",IF(J8="","",J8),IF(N8="","",IFERROR(INDEX('Book rows'!$D$2:$D$392,MATCH(N8,'Book rows'!$A$2:$A$392,0)),"row not found"))) | P8: =IF(H8="Manual",IF(K8="","",K8),IF(N8="","",IFERROR(INDEX('Book rows'!$E$2:$E$392,MATCH(N8,'Book rows'!$A$2:$A$392,0)),"row not found"))) | Q8: =IF(H8="Manual",IF(L8="","",L8),IF(N8="","",IFERROR(INDEX('Book rows'!$F$2:$F$392,MATCH(N8,'Book rows'!$A$2:$A$392,0)),"row not found")))
A9: Flesh Rending | B9: Drásání | C9: Features / Combat features | F9: No real candidate in the book | G9: r795 Moudrá sova (0.56); r749 Prastarý (0.53); r663 Dračí šupiny (0.53); r559 Dar Calistei (0.53); r116 Přetažení (0.50) | N9: =IF(H9="Accept",D9,IF(H9="Use row",I9,"")) | O9: =IF(H9="Manual",IF(J9="","",J9),IF(N9="","",IFERROR(INDEX('Book rows'!$D$2:$D$392,MATCH(N9,'Book rows'!$A$2:$A$392,0)),"row not found"))) | P9: =IF(H9="Manual",IF(K9="","",K9),IF(N9="","",IFERROR(INDEX('Book rows'!$E$2:$E$392,MATCH(N9,'Book rows'!$A$2:$A$392,0)),"row not found"))) | Q9: =IF(H9="Manual",IF(L9="","",L9),IF(N9="","",IFERROR(INDEX('Book rows'!$F$2:$F$392,MATCH(N9,'Book rows'!$A$2:$A$392,0)),"row not found")))
A10: Haste | B10: Zrychlení | C10: Features / Combat features | D10: 350 | E10: Zrychlené čarování | F10: Weak name match (0.67); likely wrong | G10: r724 Rozptýlení (0.63); r128 Rychlý útočník (0.61); r813 Rychlý stín (0.60); r126 Rychlé ruce (0.60) | N10: =IF(H10="Accept",D10,IF(H10="Use row",I10,"")) | O10: =IF(H10="Manual",IF(J10="","",J10),IF(N10="","",IFERROR(INDEX('Book rows'!$D$2:$D$392,MATCH(N10,'Book rows'!$A$2:$A$392,0)),"row not found"))) | P10: =IF(H10="Manual",IF(K10="","",K10),IF(N10="","",IFERROR(INDEX('Book rows'!$E$2:$E$392,MATCH(N10,'Book rows'!$A$2:$A$392,0)),"row not found"))) | Q10: =IF(H10="Manual",IF(L10="","",L10),IF(N10="","",IFERROR(INDEX('Book rows'!$F$2:$F$392,MATCH(N10,'Book rows'!$A$2:$A$392,0)),"row not found")))
A11: Huntsman | B11: Lovec | C11: Features / Combat features | D11: 281 | E11: Svalovec I | F11: Weak name match (0.67); likely wrong | G11: r283 Svalovec II (0.62); r42 Dobrý lovec (0.62); r803 Rychlý lovec (0.59); r811 Zlodějíček (0.53) | N11: =IF(H11="Accept",D11,IF(H11="Use row",I11,"")) | O11: =IF(H11="Manual",IF(J11="","",J11),IF(N11="","",IFERROR(INDEX('Book rows'!$D$2:$D$392,MATCH(N11,'Book rows'!$A$2:$A$392,0)),"row not found"))) | P11: =IF(H11="Manual",IF(K11="","",K11),IF(N11="","",IFERROR(INDEX('Book rows'!$E$2:$E$392,MATCH(N11,'Book rows'!$A$2:$A$392,0)),"row not found"))) | Q11: =IF(H11="Manual",IF(L11="","",L11),IF(N11="","",IFERROR(INDEX('Book rows'!$F$2:$F$392,MATCH(N11,'Book rows'!$A$2:$A$392,0)),"row not found")))
A12: Leg Sweep | B12: Podkopnutí | C12: Features / Combat features | D12: 355 | E12: Podpálení | F12: Weak name match (0.63); likely wrong | G12: r106 Prohození (0.53); r743 Divoké rozseknutí (0.52); r458 Dotek pochopení (0.48); r70 Krvavé nabodnutí (0.46) | N12: =IF(H12="Accept",D12,IF(H12="Use row",I12,"")) | O12: =IF(H12="Manual",IF(J12="","",J12),IF(N12="","",IFERROR(INDEX('Book rows'!$D$2:$D$392,MATCH(N12,'Book rows'!$A$2:$A$392,0)),"row not found"))) | P12: =IF(H12="Manual",IF(K12="","",K12),IF(N12="","",IFERROR(INDEX('Book rows'!$E$2:$E$392,MATCH(N12,'Book rows'!$A$2:$A$392,0)),"row not found"))) | Q12: =IF(H12="Manual",IF(L12="","",L12),IF(N12="","",IFERROR(INDEX('Book rows'!$F$2:$F$392,MATCH(N12,'Book rows'!$A$2:$A$392,0)),"row not found")))
A13: Perseverance | B13: Vytrvalost | C13: Features / Combat features | D13: 637 | E13: Ještěří vytrvalost | F13: Weak name match (0.71); likely wrong | G13: r737 Yormunská vytrvalost (0.67); r496 Trpasličí vytrvalost (0.67); r30 Atletická vytrvalost (0.67); r676 Netrpělivost (0.55) | N13: =IF(H13="Accept",D13,IF(H13="Use row",I13,"")) | O13: =IF(H13="Manual",IF(J13="","",J13),IF(N13="","",IFERROR(INDEX('Book rows'!$D$2:$D$392,MATCH(N13,'Book rows'!$A$2:$A$392,0)),"row not found"))) | P13: =IF(H13="Manual",IF(K13="","",K13),IF(N13="","",IFERROR(INDEX('Book rows'!$E$2:$E$392,MATCH(N13,'Book rows'!$A$2:$A$392,0)),"row not found"))) | Q13: =IF(H13="Manual",IF(L13="","",L13),IF(N13="","",IFERROR(INDEX('Book rows'!$F$2:$F$392,MATCH(N13,'Book rows'!$A$2:$A$392,0)),"row not found")))
A14: Polearm master | B14: Mistr ratišťových zbraní | C14: Features / Combat features | F14: No real candidate in the book | G14: r243 Mistr slov (0.53); r241 Mistr pastí (0.51); r46 Exotické zbraně I (0.49); r48 Exotické zbraně II (0.48); r76 Mistr vrhu (0.47) | N14: =IF(H14="Accept",D14,IF(H14="Use row",I14,"")) | O14: =IF(H14="Manual",IF(J14="","",J14),IF(N14="","",IFERROR(INDEX('Book rows'!$D$2:$D$392,MATCH(N14,'Book rows'!$A$2:$A$392,0)),"row not found"))) | P14: =IF(H14="Manual",IF(K14="","",K14),IF(N14="","",IFERROR(INDEX('Book rows'!$E$2:$E$392,MATCH(N14,'Book rows'!$A$2:$A$392,0)),"row not found"))) | Q14: =IF(H14="Manual",IF(L14="","",L14),IF(N14="","",IFERROR(INDEX('Book rows'!$F$2:$F$392,MATCH(N14,'Book rows'!$A$2:$A$392,0)),"row not found")))
A15: Precise lunge | B15: Přesný výpad | C15: Features / Combat features | D15: 104 | E15: Precizní výpad | F15: Weak name match (0.77); likely wrong | G15: r114 Přesný zásah (0.67); r716 Přirozený vůdce (0.59); r809 Černý pařát (0.52); r140 Smrtící výpad I (0.52) | N15: =IF(H15="Accept",D15,IF(H15="Use row",I15,"")) | O15: =IF(H15="Manual",IF(J15="","",J15),IF(N15="","",IFERROR(INDEX('Book rows'!$D$2:$D$392,MATCH(N15,'Book rows'!$A$2:$A$392,0)),"row not found"))) | P15: =IF(H15="Manual",IF(K15="","",K15),IF(N15="","",IFERROR(INDEX('Book rows'!$E$2:$E$392,MATCH(N15,'Book rows'!$A$2:$A$392,0)),"row not found"))) | Q15: =IF(H15="Manual",IF(L15="","",L15),IF(N15="","",IFERROR(INDEX('Book rows'!$F$2:$F$392,MATCH(N15,'Book rows'!$A$2:$A$392,0)),"row not found")))
A16: Precision strike | B16: Přesný úder | C16: Features / Combat features | D16: 716 | E16: Přirozený vůdce | F16: Weak name match (0.69); likely wrong | G16: r114 Přesný zásah (0.61); r561 Mořský dech (0.55); r762 Požehnaný dotek (0.54); r694 Bezedný žaludek (0.54) | N16: =IF(H16="Accept",D16,IF(H16="Use row",I16,"")) | O16: =IF(H16="Manual",IF(J16="","",J16),IF(N16="","",IFERROR(INDEX('Book rows'!$D$2:$D$392,MATCH(N16,'Book rows'!$A$2:$A$392,0)),"row not found"))) | P16: =IF(H16="Manual",IF(K16="","",K16),IF(N16="","",IFERROR(INDEX('Book rows'!$E$2:$E$392,MATCH(N16,'Book rows'!$A$2:$A$392,0)),"row not found"))) | Q16: =IF(H16="Manual",IF(L16="","",L16),IF(N16="","",IFERROR(INDEX('Book rows'!$F$2:$F$392,MATCH(N16,'Book rows'!$A$2:$A$392,0)),"row not found")))
A17: Speedy advantage | B17: Výhoda rychlosti | C17: Features / Combat features | F17: No real candidate in the book | G17: r813 Rychlý stín (0.59); r559 Dar Calistei (0.57); r797 Hluboká znalost (0.52); r471 Lidská učenlivost I (0.51); r714 Vražedná zarputilost (0.50) | N17: =IF(H17="Accept",D17,IF(H17="Use row",I17,"")) | O17: =IF(H17="Manual",IF(J17="","",J17),IF(N17="","",IFERROR(INDEX('Book rows'!$D$2:$D$392,MATCH(N17,'Book rows'!$A$2:$A$392,0)),"row not found"))) | P17: =IF(H17="Manual",IF(K17="","",K17),IF(N17="","",IFERROR(INDEX('Book rows'!$E$2:$E$392,MATCH(N17,'Book rows'!$A$2:$A$392,0)),"row not found"))) | Q17: =IF(H17="Manual",IF(L17="","",L17),IF(N17="","",IFERROR(INDEX('Book rows'!$F$2:$F$392,MATCH(N17,'Book rows'!$A$2:$A$392,0)),"row not found")))
A18: Strain | B18: Vypětí | C18: Features / Combat features | F18: No real candidate in the book | G18: r116 Přetažení (0.53); r213 Expertíza (0.53); r100 Práče I (0.46); r102 Práče II (0.43); r512 Partizán (0.43) | N18: =IF(H18="Accept",D18,IF(H18="Use row",I18,"")) | O18: =IF(H18="Manual",IF(J18="","",J18),IF(N18="","",IFERROR(INDEX('Book rows'!$D$2:$D$392,MATCH(N18,'Book rows'!$A$2:$A$392,0)),"row not found"))) | P18: =IF(H18="Manual",IF(K18="","",K18),IF(N18="","",IFERROR(INDEX('Book rows'!$E$2:$E$392,MATCH(N18,'Book rows'!$A$2:$A$392,0)),"row not found"))) | Q18: =IF(H18="Manual",IF(L18="","",L18),IF(N18="","",IFERROR(INDEX('Book rows'!$F$2:$F$392,MATCH(N18,'Book rows'!$A$2:$A$392,0)),"row not found")))
A19: Sundering Blows I | B19: Drtivé údery I | C19: Features / Combat features | D19: 665 | E19: Dračí dech I | F19: Weak name match (0.62); likely wrong | G19: r667 Dračí dech II (0.59); r678 Zuřivé plameny (0.50); r551 Dar Caerys (0.50); r140 Smrtící výpad I (0.48) | N19: =IF(H19="Accept",D19,IF(H19="Use row",I19,"")) | O19: =IF(H19="Manual",IF(J19="","",J19),IF(N19="","",IFERROR(INDEX('Book rows'!$D$2:$D$392,MATCH(N19,'Book rows'!$A$2:$A$392,0)),"row not found"))) | P19: =IF(H19="Manual",IF(K19="","",K19),IF(N19="","",IFERROR(INDEX('Book rows'!$E$2:$E$392,MATCH(N19,'Book rows'!$A$2:$A$392,0)),"row not found"))) | Q19: =IF(H19="Manual",IF(L19="","",L19),IF(N19="","",IFERROR(INDEX('Book rows'!$F$2:$F$392,MATCH(N19,'Book rows'!$A$2:$A$392,0)),"row not found")))
A20: Sundering Blows II | B20: Drtivé údery II | C20: Features / Combat features | D20: 667 | E20: Dračí dech II | F20: Weak name match (0.64); likely wrong | G20: r665 Dračí dech I (0.59); r142 Smrtící výpad II (0.52); r110 Průbojné rány II (0.52); r48 Exotické zbraně II (0.48) | N20: =IF(H20="Accept",D20,IF(H20="Use row",I20,"")) | O20: =IF(H20="Manual",IF(J20="","",J20),IF(N20="","",IFERROR(INDEX('Book rows'!$D$2:$D$392,MATCH(N20,'Book rows'!$A$2:$A$392,0)),"row not found"))) | P20: =IF(H20="Manual",IF(K20="","",K20),IF(N20="","",IFERROR(INDEX('Book rows'!$E$2:$E$392,MATCH(N20,'Book rows'!$A$2:$A$392,0)),"row not found"))) | Q20: =IF(H20="Manual",IF(L20="","",L20),IF(N20="","",IFERROR(INDEX('Book rows'!$F$2:$F$392,MATCH(N20,'Book rows'!$A$2:$A$392,0)),"row not found")))
A21: Dwarven toughness | B21: Trpasličí houževnatost | C21: Features / Dwarven features | D21: 500 | E21: Trpasličí odolnost | F21: Weak name match (0.75); likely wrong | G21: r496 Trpasličí vytrvalost (0.71); r498 Trpasličí nezdolnost (0.71); r56 Houževnatost (0.71); r506 Trpasličí talent (0.68) | N21: =IF(H21="Accept",D21,IF(H21="Use row",I21,"")) | O21: =IF(H21="Manual",IF(J21="","",J21),IF(N21="","",IFERROR(INDEX('Book rows'!$D$2:$D$392,MATCH(N21,'Book rows'!$A$2:$A$392,0)),"row not found"))) | P21: =IF(H21="Manual",IF(K21="","",K21),IF(N21="","",IFERROR(INDEX('Book rows'!$E$2:$E$392,MATCH(N21,'Book rows'!$A$2:$A$392,0)),"row not found"))) | Q21: =IF(H21="Manual",IF(L21="","",L21),IF(N21="","",IFERROR(INDEX('Book rows'!$F$2:$F$392,MATCH(N21,'Book rows'!$A$2:$A$392,0)),"row not found")))
A22: Elven grace | B22: Elfí ladnost | C22: Features / Elven features | D22: 541 | E22: Měsíční ladnost | F22: Weak name match (0.74); likely wrong | G22: r519 Elfská zručnost (0.59); r521 Elfská mrštnost (0.59); r531 Elfský talent (0.56); r533 Elfská dokonalost (0.55) | N22: =IF(H22="Accept",D22,IF(H22="Use row",I22,"")) | O22: =IF(H22="Manual",IF(J22="","",J22),IF(N22="","",IFERROR(INDEX('Book rows'!$D$2:$D$392,MATCH(N22,'Book rows'!$A$2:$A$392,0)),"row not found"))) | P22: =IF(H22="Manual",IF(K22="","",K22),IF(N22="","",IFERROR(INDEX('Book rows'!$E$2:$E$392,MATCH(N22,'Book rows'!$A$2:$A$392,0)),"row not found"))) | Q22: =IF(H22="Manual",IF(L22="","",L22),IF(N22="","",IFERROR(INDEX('Book rows'!$F$2:$F$392,MATCH(N22,'Book rows'!$A$2:$A$392,0)),"row not found")))
A23: Elven reflexes | B23: Elfí reflexy | C23: Features / Elven features | D23: 523 | E23: Elfské reflexy | F23: Name looks alike (0.85); check it is the same feature | G23: r779 Dravčí reflexy (0.69); r36 Bleskové reflexy (0.64); r531 Elfský talent (0.48); r442 Přítel lesa (0.43) | N23: =IF(H23="Accept",D23,IF(H23="Use row",I23,"")) | O23: =IF(H23="Manual",IF(J23="","",J23),IF(N23="","",IFERROR(INDEX('Book rows'!$D$2:$D$392,MATCH(N23,'Book rows'!$A$2:$A$392,0)),"row not found"))) | P23: =IF(H23="Manual",IF(K23="","",K23),IF(N23="","",IFERROR(INDEX('Book rows'!$E$2:$E$392,MATCH(N23,'Book rows'!$A$2:$A$392,0)),"row not found"))) | Q23: =IF(H23="Manual",IF(L23="","",L23),IF(N23="","",IFERROR(INDEX('Book rows'!$F$2:$F$392,MATCH(N23,'Book rows'!$A$2:$A$392,0)),"row not found")))
A24: Studiousness | B24: Učenost | C24: Features / Elven features | D24: 295 | E24: Umíněnost | F24: Weak name match (0.75); likely wrong | G24: r56 Houževnatost (0.63); r608 Pulčická zákeřnost (0.56); r430 Náměsíčnost (0.56); r519 Elfská zručnost (0.55) | N24: =IF(H24="Accept",D24,IF(H24="Use row",I24,"")) | O24: =IF(H24="Manual",IF(J24="","",J24),IF(N24="","",IFERROR(INDEX('Book rows'!$D$2:$D$392,MATCH(N24,'Book rows'!$A$2:$A$392,0)),"row not found"))) | P24: =IF(H24="Manual",IF(K24="","",K24),IF(N24="","",IFERROR(INDEX('Book rows'!$E$2:$E$392,MATCH(N24,'Book rows'!$A$2:$A$392,0)),"row not found"))) | Q24: =IF(H24="Manual",IF(L24="","",L24),IF(N24="","",IFERROR(INDEX('Book rows'!$F$2:$F$392,MATCH(N24,'Book rows'!$A$2:$A$392,0)),"row not found")))
A25: Elven perfection: Acrobacy | B25: Elfí dokonalost: Akrobacie | C25: Features / Elven features / Elven perfection | D25: 533 | E25: Elfská dokonalost | F25: Family rule: Elven perfection (book prices every skill alike) | G25: r710 Ješitná dokonalost (0.60); r322 Doteková stabilizace (0.53); r785 Znalost dynastie (0.49); r80 Nezdolnost kamene (0.48) | H25: Accept | N25: =IF(H25="Accept",D25,IF(H25="Use row",I25,"")) | O25: =IF(H25="Manual",IF(J25="","",J25),IF(N25="","",IFERROR(INDEX('Book rows'!$D$2:$D$392,MATCH(N25,'Book rows'!$A$2:$A$392,0)),"row not found"))) | P25: =IF(H25="Manual",IF(K25="","",K25),IF(N25="","",IFERROR(INDEX('Book rows'!$E$2:$E$392,MATCH(N25,'Book rows'!$A$2:$A$392,0)),"row not found"))) | Q25: =IF(H25="Manual",IF(L25="","",L25),IF(N25="","",IFERROR(INDEX('Book rows'!$F$2:$F$392,MATCH(N25,'Book rows'!$A$2:$A$392,0)),"row not found")))
A26: Elven perfection: Alchemy | B26: Elfí dokonalost: Alchymie | C26: Features / Elven features / Elven perfection | D26: 533 | E26: Elfská dokonalost | F26: Family rule: Elven perfection (book prices every skill alike) | G26: r710 Ješitná dokonalost (0.62); r80 Nezdolnost kamene (0.54); r263 Rozbor alchemie (0.51); r785 Znalost dynastie (0.50) | H26: Accept | N26: =IF(H26="Accept",D26,IF(H26="Use row",I26,"")) | O26: =IF(H26="Manual",IF(J26="","",J26),IF(N26="","",IFERROR(INDEX('Book rows'!$D$2:$D$392,MATCH(N26,'Book rows'!$A$2:$A$392,0)),"row not found"))) | P26: =IF(H26="Manual",IF(K26="","",K26),IF(N26="","",IFERROR(INDEX('Book rows'!$E$2:$E$392,MATCH(N26,'Book rows'!$A$2:$A$392,0)),"row not found"))) | Q26: =IF(H26="Manual",IF(L26="","",L26),IF(N26="","",IFERROR(INDEX('Book rows'!$F$2:$F$392,MATCH(N26,'Book rows'!$A$2:$A$392,0)),"row not found")))
A27: Elven perfection: Arcana | B27: Elfí dokonalost: Arcana | C27: Features / Elven features / Elven perfection | D27: 533 | E27: Elfská dokonalost | F27: Family rule: Elven perfection (book prices every skill alike) | G27: r710 Ješitná dokonalost (0.65); r54 Hluboká rána (0.53); r80 Nezdolnost kamene (0.51); r557 Klidná hladina (0.50) | H27: Accept | N27: =IF(H27="Accept",D27,IF(H27="Use row",I27,"")) | O27: =IF(H27="Manual",IF(J27="","",J27),IF(N27="","",IFERROR(INDEX('Book rows'!$D$2:$D$392,MATCH(N27,'Book rows'!$A$2:$A$392,0)),"row not found"))) | P27: =IF(H27="Manual",IF(K27="","",K27),IF(N27="","",IFERROR(INDEX('Book rows'!$E$2:$E$392,MATCH(N27,'Book rows'!$A$2:$A$392,0)),"row not found"))) | Q27: =IF(H27="Manual",IF(L27="","",L27),IF(N27="","",IFERROR(INDEX('Book rows'!$F$2:$F$392,MATCH(N27,'Book rows'!$A$2:$A$392,0)),"row not found")))
A28: Elven perfection: Athletics | B28: Elfí dokonalost: Atletika | C28: Features / Elven features / Elven perfection | D28: 533 | E28: Elfská dokonalost | F28: Family rule: Elven perfection (book prices every skill alike) | G28: r710 Ješitná dokonalost (0.62); r785 Znalost dynastie (0.50); r80 Nezdolnost kamene (0.49); r623 Odolnost na jedy I (0.48) | H28: Accept | N28: =IF(H28="Accept",D28,IF(H28="Use row",I28,"")) | O28: =IF(H28="Manual",IF(J28="","",J28),IF(N28="","",IFERROR(INDEX('Book rows'!$D$2:$D$392,MATCH(N28,'Book rows'!$A$2:$A$392,0)),"row not found"))) | P28: =IF(H28="Manual",IF(K28="","",K28),IF(N28="","",IFERROR(INDEX('Book rows'!$E$2:$E$392,MATCH(N28,'Book rows'!$A$2:$A$392,0)),"row not found"))) | Q28: =IF(H28="Manual",IF(L28="","",L28),IF(N28="","",IFERROR(INDEX('Book rows'!$F$2:$F$392,MATCH(N28,'Book rows'!$A$2:$A$392,0)),"row not found")))
A29: Elven perfection: First Aid | B29: Elfí dokonalost: Ranhojičství | C29: Features / Elven features / Elven perfection | D29: 533 | E29: Elfská dokonalost | F29: Family rule: Elven perfection (book prices every skill alike) | G29: r710 Ješitná dokonalost (0.57); r785 Znalost dynastie (0.50); r197 *Dovednost A*: Mistr (0.49); r639 Odolnost na jedy II (0.47) | H29: Accept | N29: =IF(H29="Accept",D29,IF(H29="Use row",I29,"")) | O29: =IF(H29="Manual",IF(J29="","",J29),IF(N29="","",IFERROR(INDEX('Book rows'!$D$2:$D$392,MATCH(N29,'Book rows'!$A$2:$A$392,0)),"row not found"))) | P29: =IF(H29="Manual",IF(K29="","",K29),IF(N29="","",IFERROR(INDEX('Book rows'!$E$2:$E$392,MATCH(N29,'Book rows'!$A$2:$A$392,0)),"row not found"))) | Q29: =IF(H29="Manual",IF(L29="","",L29),IF(N29="","",IFERROR(INDEX('Book rows'!$F$2:$F$392,MATCH(N29,'Book rows'!$A$2:$A$392,0)),"row not found")))
A30: Elven perfection: Leadership | B30: Elfí dokonalost: Velení | C30: Features / Elven features / Elven perfection | D30: 533 | E30: Elfská dokonalost | F30: Family rule: Elven perfection (book prices every skill alike) | G30: r710 Ješitná dokonalost (0.65); r80 Nezdolnost kamene (0.51); r324 Hluboké soustředění (0.49); r797 Hluboká znalost (0.49) | H30: Accept | N30: =IF(H30="Accept",D30,IF(H30="Use row",I30,"")) | O30: =IF(H30="Manual",IF(J30="","",J30),IF(N30="","",IFERROR(INDEX('Book rows'!$D$2:$D$392,MATCH(N30,'Book rows'!$A$2:$A$392,0)),"row not found"))) | P30: =IF(H30="Manual",IF(K30="","",K30),IF(N30="","",IFERROR(INDEX('Book rows'!$E$2:$E$392,MATCH(N30,'Book rows'!$A$2:$A$392,0)),"row not found"))) | Q30: =IF(H30="Manual",IF(L30="","",L30),IF(N30="","",IFERROR(INDEX('Book rows'!$F$2:$F$392,MATCH(N30,'Book rows'!$A$2:$A$392,0)),"row not found")))
A31: Elven perfection: Pickpocketing | B31: Elfí dokonalost: Kapsářství | C31: Features / Elven features / Elven perfection | D31: 533 | E31: Elfská dokonalost | F31: Family rule: Elven perfection (book prices every skill alike) | G31: r710 Ješitná dokonalost (0.59); r785 Znalost dynastie (0.52); r195 *Dovednost A*: Expert (0.50); r80 Nezdolnost kamene (0.47) | H31: Accept | N31: =IF(H31="Accept",D31,IF(H31="Use row",I31,"")) | O31: =IF(H31="Manual",IF(J31="","",J31),IF(N31="","",IFERROR(INDEX('Book rows'!$D$2:$D$392,MATCH(N31,'Book rows'!$A$2:$A$392,0)),"row not found"))) | P31: =IF(H31="Manual",IF(K31="","",K31),IF(N31="","",IFERROR(INDEX('Book rows'!$E$2:$E$392,MATCH(N31,'Book rows'!$A$2:$A$392,0)),"row not found"))) | Q31: =IF(H31="Manual",IF(L31="","",L31),IF(N31="","",IFERROR(INDEX('Book rows'!$F$2:$F$392,MATCH(N31,'Book rows'!$A$2:$A$392,0)),"row not found")))
A32: Elven perfection: Stealth | B32: Elfí dokonalost: Plížení | C32: Features / Elven features / Elven perfection | D32: 533 | E32: Elfská dokonalost | F32: Family rule: Elven perfection (book prices every skill alike) | G32: r710 Ješitná dokonalost (0.63); r322 Doteková stabilizace (0.51); r80 Nezdolnost kamene (0.50); r797 Hluboká znalost (0.47) | H32: Accept | N32: =IF(H32="Accept",D32,IF(H32="Use row",I32,"")) | O32: =IF(H32="Manual",IF(J32="","",J32),IF(N32="","",IFERROR(INDEX('Book rows'!$D$2:$D$392,MATCH(N32,'Book rows'!$A$2:$A$392,0)),"row not found"))) | P32: =IF(H32="Manual",IF(K32="","",K32),IF(N32="","",IFERROR(INDEX('Book rows'!$E$2:$E$392,MATCH(N32,'Book rows'!$A$2:$A$392,0)),"row not found"))) | Q32: =IF(H32="Manual",IF(L32="","",L32),IF(N32="","",IFERROR(INDEX('Book rows'!$F$2:$F$392,MATCH(N32,'Book rows'!$A$2:$A$392,0)),"row not found")))
A33: Elven talent: Animal Handling | B33: Elfí talent: Zacházení se zvířaty | C33: Features / Elven features / Elven talent: *Skill* | D33: 531 | E33: Elfský talent | F33: Family rule: Elven talent (book prices every skill alike) | G33: r438 Spojení se zvířaty (0.56); r275 Společník zvířat (0.50); r146 Specializace na zbraň I (0.44); r148 Specializace na zbraň II (0.43) | H33: Accept | N33: =IF(H33="Accept",D33,IF(H33="Use row",I33,"")) | O33: =IF(H33="Manual",IF(J33="","",J33),IF(N33="","",IFERROR(INDEX('Book rows'!$D$2:$D$392,MATCH(N33,'Book rows'!$A$2:$A$392,0)),"row not found"))) | P33: =IF(H33="Manual",IF(K33="","",K33),IF(N33="","",IFERROR(INDEX('Book rows'!$E$2:$E$392,MATCH(N33,'Book rows'!$A$2:$A$392,0)),"row not found"))) | Q33: =IF(H33="Manual",IF(L33="","",L33),IF(N33="","",IFERROR(INDEX('Book rows'!$F$2:$F$392,MATCH(N33,'Book rows'!$A$2:$A$392,0)),"row not found")))
A34: Elven talent: Arcana | B34: Elfí talent: Arcana | C34: Features / Elven features / Elven talent: *Skill* | D34: 531 | E34: Elfský talent | F34: Family rule: Elven talent (book prices every skill alike) | G34: r112 Brutální rána (0.58); r506 Trpasličí talent (0.53); r479 Talentovaný I (0.52); r481 Talentovaný II (0.50) | H34: Accept | N34: =IF(H34="Accept",D34,IF(H34="Use row",I34,"")) | O34: =IF(H34="Manual",IF(J34="","",J34),IF(N34="","",IFERROR(INDEX('Book rows'!$D$2:$D$392,MATCH(N34,'Book rows'!$A$2:$A$392,0)),"row not found"))) | P34: =IF(H34="Manual",IF(K34="","",K34),IF(N34="","",IFERROR(INDEX('Book rows'!$E$2:$E$392,MATCH(N34,'Book rows'!$A$2:$A$392,0)),"row not found"))) | Q34: =IF(H34="Manual",IF(L34="","",L34),IF(N34="","",IFERROR(INDEX('Book rows'!$F$2:$F$392,MATCH(N34,'Book rows'!$A$2:$A$392,0)),"row not found")))
A35: Elven talent: Athletics | B35: Elfí talent: Atletika | C35: Features / Elven features / Elven talent: *Skill* | D35: 531 | E35: Elfský talent | F35: Family rule: Elven talent (book prices every skill alike) | G35: r506 Trpasličí talent (0.50); r479 Talentovaný I (0.48); r481 Talentovaný II (0.47); r527 Elfská učenlivost I (0.46) | H35: Accept | N35: =IF(H35="Accept",D35,IF(H35="Use row",I35,"")) | O35: =IF(H35="Manual",IF(J35="","",J35),IF(N35="","",IFERROR(INDEX('Book rows'!$D$2:$D$392,MATCH(N35,'Book rows'!$A$2:$A$392,0)),"row not found"))) | P35: =IF(H35="Manual",IF(K35="","",K35),IF(N35="","",IFERROR(INDEX('Book rows'!$E$2:$E$392,MATCH(N35,'Book rows'!$A$2:$A$392,0)),"row not found"))) | Q35: =IF(H35="Manual",IF(L35="","",L35),IF(N35="","",IFERROR(INDEX('Book rows'!$F$2:$F$392,MATCH(N35,'Book rows'!$A$2:$A$392,0)),"row not found")))
A36: Elven talent: First Aid | B36: Elfí talent: Ranhojičství | C36: Features / Elven features / Elven talent: *Skill* | D36: 531 | E36: Elfský talent | F36: Family rule: Elven talent (book prices every skill alike) | G36: r481 Talentovaný II (0.53); r483 Talentovaný III (0.51); r148 Specializace na zbraň II (0.50); r479 Talentovaný I (0.49) | H36: Accept | N36: =IF(H36="Accept",D36,IF(H36="Use row",I36,"")) | O36: =IF(H36="Manual",IF(J36="","",J36),IF(N36="","",IFERROR(INDEX('Book rows'!$D$2:$D$392,MATCH(N36,'Book rows'!$A$2:$A$392,0)),"row not found"))) | P36: =IF(H36="Manual",IF(K36="","",K36),IF(N36="","",IFERROR(INDEX('Book rows'!$E$2:$E$392,MATCH(N36,'Book rows'!$A$2:$A$392,0)),"row not found"))) | Q36: =IF(H36="Manual",IF(L36="","",L36),IF(N36="","",IFERROR(INDEX('Book rows'!$F$2:$F$392,MATCH(N36,'Book rows'!$A$2:$A$392,0)),"row not found")))
... A55: Specialization: Traps | B55: Specializace: Pasti | C55: Features / Elven features / Specialization: *Skill* | D55: 525 | E55: Specializace: *Dovednost* | F55: Family rule: Elven specialization (book prices every skill alike) | G55: r469 Specializace: *Dovednost* (0.75); r752 Specializace: *Dovednost* (0.75); r146 Specializace na zbraň I (0.73); r148 Specializace na zbraň II (0.71); r487 Specialista (0.69) | H55: Accept | N55: =IF(H55="Accept",D55,IF(H55="Use row",I55,"")) | O55: =IF(H55="Manual",IF(J55="","",J55),IF(N55="","",IFERROR(INDEX('Book rows'!$D$2:$D$392,MATCH(N55,'Book rows'!$A$2:$A$392,0)),"row not found"))) | P55: =IF(H55="Manual",IF(K55="","",K55),IF(N55="","",IFERROR(INDEX('Book rows'!$E$2:$E$392,MATCH(N55,'Book rows'!$A$2:$A$392,0)),"row not found"))) | Q55: =IF(H55="Manual",IF(L55="","",L55),IF(N55="","",IFERROR(INDEX('Book rows'!$F$2:$F$392,MATCH(N55,'Book rows'!$A$2:$A$392,0)),"row not found")))
A56: Feather footed | B56: Lehkonohý | C56: Features / Halfling features | F56: No real candidate in the book | G56: r406 Hbité nohy (0.53); r307 Zocelený (0.47); r479 Talentovaný I (0.45); r829 Vůle bohů (0.44); r412 Nebojácný (0.44) | N56: =IF(H56="Accept",D56,IF(H56="Use row",I56,"")) | O56: =IF(H56="Manual",IF(J56="","",J56),IF(N56="","",IFERROR(INDEX('Book rows'!$D$2:$D$392,MATCH(N56,'Book rows'!$A$2:$A$392,0)),"row not found"))) | P56: =IF(H56="Manual",IF(K56="","",K56),IF(N56="","",IFERROR(INDEX('Book rows'!$E$2:$E$392,MATCH(N56,'Book rows'!$A$2:$A$392,0)),"row not found"))) | Q56: =IF(H56="Manual",IF(L56="","",L56),IF(N56="","",IFERROR(INDEX('Book rows'!$F$2:$F$392,MATCH(N56,'Book rows'!$A$2:$A$392,0)),"row not found")))
A57: Foodie | B57: Labužník | C57: Features / Halfling features | F57: No real candidate in the book | G57: r134 Řezník (0.57); r267 Spolubojovník (0.48); r170 Zbojník I (0.47); r116 Přetažení (0.47); r128 Rychlý útočník (0.45) | N57: =IF(H57="Accept",D57,IF(H57="Use row",I57,"")) | O57: =IF(H57="Manual",IF(J57="","",J57),IF(N57="","",IFERROR(INDEX('Book rows'!$D$2:$D$392,MATCH(N57,'Book rows'!$A$2:$A$392,0)),"row not found"))) | P57: =IF(H57="Manual",IF(K57="","",K57),IF(N57="","",IFERROR(INDEX('Book rows'!$E$2:$E$392,MATCH(N57,'Book rows'!$A$2:$A$392,0)),"row not found"))) | Q57: =IF(H57="Manual",IF(L57="","",L57),IF(N57="","",IFERROR(INDEX('Book rows'!$F$2:$F$392,MATCH(N57,'Book rows'!$A$2:$A$392,0)),"row not found")))
A58: Halfling insidiousness | B58: Půlčičí zákeřnost | C58: Features / Halfling features | D58: 608 | E58: Pulčická zákeřnost | F58: Name looks alike (0.91); check it is the same feature | G58: r645 Hadí zákeřnost (0.71); r606 Pulčické štěstí (0.62); r506 Trpasličí talent (0.61); r498 Trpasličí nezdolnost (0.59) | N58: =IF(H58="Accept",D58,IF(H58="Use row",I58,"")) | O58: =IF(H58="Manual",IF(J58="","",J58),IF(N58="","",IFERROR(INDEX('Book rows'!$D$2:$D$392,MATCH(N58,'Book rows'!$A$2:$A$392,0)),"row not found"))) | P58: =IF(H58="Manual",IF(K58="","",K58),IF(N58="","",IFERROR(INDEX('Book rows'!$E$2:$E$392,MATCH(N58,'Book rows'!$A$2:$A$392,0)),"row not found"))) | Q58: =IF(H58="Manual",IF(L58="","",L58),IF(N58="","",IFERROR(INDEX('Book rows'!$F$2:$F$392,MATCH(N58,'Book rows'!$A$2:$A$392,0)),"row not found")))
A59: Halfling luck | B59: Půlčičí štěstí | C59: Features / Halfling features | D59: 606 | E59: Pulčické štěstí | F59: Name looks alike (0.90); check it is the same feature | G59: r506 Trpasličí talent (0.60); r608 Pulčická zákeřnost (0.56); r410 Neúnavné štěstí (0.55); r516 Trpasličí kušník (0.53) | N59: =IF(H59="Accept",D59,IF(H59="Use row",I59,"")) | O59: =IF(H59="Manual",IF(J59="","",J59),IF(N59="","",IFERROR(INDEX('Book rows'!$D$2:$D$392,MATCH(N59,'Book rows'!$A$2:$A$392,0)),"row not found"))) | P59: =IF(H59="Manual",IF(K59="","",K59),IF(N59="","",IFERROR(INDEX('Book rows'!$E$2:$E$392,MATCH(N59,'Book rows'!$A$2:$A$392,0)),"row not found"))) | Q59: =IF(H59="Manual",IF(L59="","",L59),IF(N59="","",IFERROR(INDEX('Book rows'!$F$2:$F$392,MATCH(N59,'Book rows'!$A$2:$A$392,0)),"row not found")))
A60: Halfling reroll | B60: Půlčičí přehoz | C60: Features / Halfling features | F60: No real candidate in the book | G60: r608 Pulčická zákeřnost (0.56); r514 Trpasličí pikenýr (0.52); r494 Trpasličí játra (0.48); r606 Pulčické štěstí (0.48); r807 Číhající dravec (0.48) | N60: =IF(H60="Accept",D60,IF(H60="Use row",I60,"")) | O60: =IF(H60="Manual",IF(J60="","",J60),IF(N60="","",IFERROR(INDEX('Book rows'!$D$2:$D$392,MATCH(N60,'Book rows'!$A$2:$A$392,0)),"row not found"))) | P60: =IF(H60="Manual",IF(K60="","",K60),IF(N60="","",IFERROR(INDEX('Book rows'!$E$2:$E$392,MATCH(N60,'Book rows'!$A$2:$A$392,0)),"row not found"))) | Q60: =IF(H60="Manual",IF(L60="","",L60),IF(N60="","",IFERROR(INDEX('Book rows'!$F$2:$F$392,MATCH(N60,'Book rows'!$A$2:$A$392,0)),"row not found")))
A61: Patron | B61: Patron | C61: Features / Halfling features | F61: No real candidate in the book | G61: r749 Prastarý (0.57); r512 Partizán (0.57); r106 Prohození (0.53); r88 Pistolník I (0.47); r353 Temperament Ohně (0.45) | N61: =IF(H61="Accept",D61,IF(H61="Use row",I61,"")) | O61: =IF(H61="Manual",IF(J61="","",J61),IF(N61="","",IFERROR(INDEX('Book rows'!$D$2:$D$392,MATCH(N61,'Book rows'!$A$2:$A$392,0)),"row not found"))) | P61: =IF(H61="Manual",IF(K61="","",K61),IF(N61="","",IFERROR(INDEX('Book rows'!$E$2:$E$392,MATCH(N61,'Book rows'!$A$2:$A$392,0)),"row not found"))) | Q61: =IF(H61="Manual",IF(L61="","",L61),IF(N61="","",IFERROR(INDEX('Book rows'!$F$2:$F$392,MATCH(N61,'Book rows'!$A$2:$A$392,0)),"row not found")))
A62: Slimy fingers | B62: Kluzké prsty | C62: Features / Halfling features | D62: 618 | E62: Šikovné prsty | F62: Weak name match (0.64); likely wrong | G62: r616 Hbité prsty (0.61); r793 Kouzelné peří (0.56); r749 Prastarý (0.50); r178 Železné svaly (0.48) | N62: =IF(H62="Accept",D62,IF(H62="Use row",I62,"")) | O62: =IF(H62="Manual",IF(J62="","",J62),IF(N62="","",IFERROR(INDEX('Book rows'!$D$2:$D$392,MATCH(N62,'Book rows'!$A$2:$A$392,0)),"row not found"))) | P62: =IF(H62="Manual",IF(K62="","",K62),IF(N62="","",IFERROR(INDEX('Book rows'!$E$2:$E$392,MATCH(N62,'Book rows'!$A$2:$A$392,0)),"row not found"))) | Q62: =IF(H62="Manual",IF(L62="","",L62),IF(N62="","",IFERROR(INDEX('Book rows'!$F$2:$F$392,MATCH(N62,'Book rows'!$A$2:$A$392,0)),"row not found")))
A63: Willfulness I | B63: Síla vůle I | C63: Features / Human features | F63: No real candidate in the book | G63: r281 Svalovec I (0.57); r283 Svalovec II (0.55); r158 Volná ruka I (0.52); r682 Zběsilá magie (0.50); r829 Vůle bohů (0.50) | N63: =IF(H63="Accept",D63,IF(H63="Use row",I63,"")) | O63: =IF(H63="Manual",IF(J63="","",J63),IF(N63="","",IFERROR(INDEX('Book rows'!$D$2:$D$392,MATCH(N63,'Book rows'!$A$2:$A$392,0)),"row not found"))) | P63: =IF(H63="Manual",IF(K63="","",K63),IF(N63="","",IFERROR(INDEX('Book rows'!$E$2:$E$392,MATCH(N63,'Book rows'!$A$2:$A$392,0)),"row not found"))) | Q63: =IF(H63="Manual",IF(L63="","",L63),IF(N63="","",IFERROR(INDEX('Book rows'!$F$2:$F$392,MATCH(N63,'Book rows'!$A$2:$A$392,0)),"row not found")))
A64: Willfulness II | B64: Síla vůle II | C64: Features / Human features | D64: 283 | E64: Svalovec II | F64: Weak name match (0.61); likely wrong | G64: r160 Volná ruka II (0.56); r281 Svalovec I (0.55); r477 Lidská umíněnost II (0.52); r158 Volná ruka I (0.50) | N64: =IF(H64="Accept",D64,IF(H64="Use row",I64,"")) | O64: =IF(H64="Manual",IF(J64="","",J64),IF(N64="","",IFERROR(INDEX('Book rows'!$D$2:$D$392,MATCH(N64,'Book rows'!$A$2:$A$392,0)),"row not found"))) | P64: =IF(H64="Manual",IF(K64="","",K64),IF(N64="","",IFERROR(INDEX('Book rows'!$E$2:$E$392,MATCH(N64,'Book rows'!$A$2:$A$392,0)),"row not found"))) | Q64: =IF(H64="Manual",IF(L64="","",L64),IF(N64="","",IFERROR(INDEX('Book rows'!$F$2:$F$392,MATCH(N64,'Book rows'!$A$2:$A$392,0)),"row not found")))
A65: Willingness to learn | B65: Učenlivost | C65: Features / Human features | D65: 287 | E65: Učenlivý | F65: Weak name match (0.78); likely wrong | G65: r471 Lidská učenlivost I (0.69); r527 Elfská učenlivost I (0.69); r473 Lidská učenlivost II (0.67); r529 Elfská učenlivost II (0.67) | N65: =IF(H65="Accept",D65,IF(H65="Use row",I65,"")) | O65: =IF(H65="Manual",IF(J65="","",J65),IF(N65="","",IFERROR(INDEX('Book rows'!$D$2:$D$392,MATCH(N65,'Book rows'!$A$2:$A$392,0)),"row not found"))) | P65: =IF(H65="Manual",IF(K65="","",K65),IF(N65="","",IFERROR(INDEX('Book rows'!$E$2:$E$392,MATCH(N65,'Book rows'!$A$2:$A$392,0)),"row not found"))) | Q65: =IF(H65="Manual",IF(L65="","",L65),IF(N65="","",IFERROR(INDEX('Book rows'!$F$2:$F$392,MATCH(N65,'Book rows'!$A$2:$A$392,0)),"row not found")))
A66: Specialization: Acrobacy | B66: Specializace: Akrobacie | C66: Features / Human features / Specialization: *Skill* | D66: 469 | E66: Specializace: *Dovednost* | F66: Family rule: Human specialization (book prices every skill alike) | G66: r146 Specializace na zbraň I (0.76); r148 Specializace na zbraň II (0.74); r525 Specializace: *Dovednost* (0.68); r752 Specializace: *Dovednost* (0.68); r487 Specialista (0.55) | H66: Accept | N66: =IF(H66="Accept",D66,IF(H66="Use row",I66,"")) | O66: =IF(H66="Manual",IF(J66="","",J66),IF(N66="","",IFERROR(INDEX('Book rows'!$D$2:$D$392,MATCH(N66,'Book rows'!$A$2:$A$392,0)),"row not found"))) | P66: =IF(H66="Manual",IF(K66="","",K66),IF(N66="","",IFERROR(INDEX('Book rows'!$E$2:$E$392,MATCH(N66,'Book rows'!$A$2:$A$392,0)),"row not found"))) | Q66: =IF(H66="Manual",IF(L66="","",L66),IF(N66="","",IFERROR(INDEX('Book rows'!$F$2:$F$392,MATCH(N66,'Book rows'!$A$2:$A$392,0)),"row not found")))
A67: Specialization: Alchemy | B67: Specializace: Alchymie | C67: Features / Human features / Specialization: *Skill* | D67: 469 | E67: Specializace: *Dovednost* | F67: Family rule: Human specialization (book prices every skill alike) | G67: r146 Specializace na zbraň I (0.68); r148 Specializace na zbraň II (0.67); r525 Specializace: *Dovednost* (0.65); r752 Specializace: *Dovednost* (0.65); r487 Specialista (0.56) | H67: Accept | N67: =IF(H67="Accept",D67,IF(H67="Use row",I67,"")) | O67: =IF(H67="Manual",IF(J67="","",J67),IF(N67="","",IFERROR(INDEX('Book rows'!$D$2:$D$392,MATCH(N67,'Book rows'!$A$2:$A$392,0)),"row not found"))) | P67: =IF(H67="Manual",IF(K67="","",K67),IF(N67="","",IFERROR(INDEX('Book rows'!$E$2:$E$392,MATCH(N67,'Book rows'!$A$2:$A$392,0)),"row not found"))) | Q67: =IF(H67="Manual",IF(L67="","",L67),IF(N67="","",IFERROR(INDEX('Book rows'!$F$2:$F$392,MATCH(N67,'Book rows'!$A$2:$A$392,0)),"row not found")))
A68: Specialization: Arcana | B68: Specializace: Arcana | C68: Features / Human features / Specialization: *Skill* | D68: 469 | E68: Specializace: *Dovednost* | F68: Family rule: Human specialization (book prices every skill alike) | G68: r146 Specializace na zbraň I (0.81); r148 Specializace na zbraň II (0.79); r525 Specializace: *Dovednost* (0.68); r752 Specializace: *Dovednost* (0.68); r487 Specialista (0.60) | H68: Accept | N68: =IF(H68="Accept",D68,IF(H68="Use row",I68,"")) | O68: =IF(H68="Manual",IF(J68="","",J68),IF(N68="","",IFERROR(INDEX('Book rows'!$D$2:$D$392,MATCH(N68,'Book rows'!$A$2:$A$392,0)),"row not found"))) | P68: =IF(H68="Manual",IF(K68="","",K68),IF(N68="","",IFERROR(INDEX('Book rows'!$E$2:$E$392,MATCH(N68,'Book rows'!$A$2:$A$392,0)),"row not found"))) | Q68: =IF(H68="Manual",IF(L68="","",L68),IF(N68="","",IFERROR(INDEX('Book rows'!$F$2:$F$392,MATCH(N68,'Book rows'!$A$2:$A$392,0)),"row not found")))
A69: Specialization: Athletics | B69: Specializace: Atletika | C69: Features / Human features / Specialization: *Skill* | D69: 469 | E69: Specializace: *Dovednost* | F69: Family rule: Human specialization (book prices every skill alike) | G69: r146 Specializace na zbraň I (0.68); r148 Specializace na zbraň II (0.67); r525 Specializace: *Dovednost* (0.65); r752 Specializace: *Dovednost* (0.65); r487 Specialista (0.56) | H69: Accept | N69: =IF(H69="Accept",D69,IF(H69="Use row",I69,"")) | O69: =IF(H69="Manual",IF(J69="","",J69),IF(N69="","",IFERROR(INDEX('Book rows'!$D$2:$D$392,MATCH(N69,'Book rows'!$A$2:$A$392,0)),"row not found"))) | P69: =IF(H69="Manual",IF(K69="","",K69),IF(N69="","",IFERROR(INDEX('Book rows'!$E$2:$E$392,MATCH(N69,'Book rows'!$A$2:$A$392,0)),"row not found"))) | Q69: =IF(H69="Manual",IF(L69="","",L69),IF(N69="","",IFERROR(INDEX('Book rows'!$F$2:$F$392,MATCH(N69,'Book rows'!$A$2:$A$392,0)),"row not found")))
A70: Specialization: Deception | B70: Specializace: Klamání | C70: Features / Human features / Specialization: *Skill* | D70: 469 | E70: Specializace: *Dovednost* | F70: Family rule: Human specialization (book prices every skill alike) | G70: r146 Specializace na zbraň I (0.79); r148 Specializace na zbraň II (0.77); r525 Specializace: *Dovednost* (0.67); r752 Specializace: *Dovednost* (0.67); r487 Specialista (0.58) | H70: Accept | N70: =IF(H70="Accept",D70,IF(H70="Use row",I70,"")) | O70: =IF(H70="Manual",IF(J70="","",J70),IF(N70="","",IFERROR(INDEX('Book rows'!$D$2:$D$392,MATCH(N70,'Book rows'!$A$2:$A$392,0)),"row not found"))) | P70: =IF(H70="Manual",IF(K70="","",K70),IF(N70="","",IFERROR(INDEX('Book rows'!$E$2:$E$392,MATCH(N70,'Book rows'!$A$2:$A$392,0)),"row not found"))) | Q70: =IF(H70="Manual",IF(L70="","",L70),IF(N70="","",IFERROR(INDEX('Book rows'!$F$2:$F$392,MATCH(N70,'Book rows'!$A$2:$A$392,0)),"row not found")))
A71: Specialization: First Aid | B71: Specializace: Ranhojičství | C71: Features / Human features / Specialization: *Skill* | D71: 469 | E71: Specializace: *Dovednost* | F71: Family rule: Human specialization (book prices every skill alike) | G71: r148 Specializace na zbraň II (0.73); r525 Specializace: *Dovednost* (0.72); r752 Specializace: *Dovednost* (0.72); r146 Specializace na zbraň I (0.71); r608 Pulčická zákeřnost (0.56) | H71: Accept | N71: =IF(H71="Accept",D71,IF(H71="Use row",I71,"")) | O71: =IF(H71="Manual",IF(J71="","",J71),IF(N71="","",IFERROR(INDEX('Book rows'!$D$2:$D$392,MATCH(N71,'Book rows'!$A$2:$A$392,0)),"row not found"))) | P71: =IF(H71="Manual",IF(K71="","",K71),IF(N71="","",IFERROR(INDEX('Book rows'!$E$2:$E$392,MATCH(N71,'Book rows'!$A$2:$A$392,0)),"row not found"))) | Q71: =IF(H71="Manual",IF(L71="","",L71),IF(N71="","",IFERROR(INDEX('Book rows'!$F$2:$F$392,MATCH(N71,'Book rows'!$A$2:$A$392,0)),"row not found")))
A72: Specialization: Herbalism | B72: Specializace: Bylinkářství | C72: Features / Human features / Specialization: *Skill* | D72: 469 | E72: Specializace: *Dovednost* | F72: Family rule: Human specialization (book prices every skill alike) | G72: r525 Specializace: *Dovednost* (0.68); r752 Specializace: *Dovednost* (0.68); r148 Specializace na zbraň II (0.65); r146 Specializace na zbraň I (0.62); r487 Specialista (0.56) | H72: Accept | N72: =IF(H72="Accept",D72,IF(H72="Use row",I72,"")) | O72: =IF(H72="Manual",IF(J72="","",J72),IF(N72="","",IFERROR(INDEX('Book rows'!$D$2:$D$392,MATCH(N72,'Book rows'!$A$2:$A$392,0)),"row not found"))) | P72: =IF(H72="Manual",IF(K72="","",K72),IF(N72="","",IFERROR(INDEX('Book rows'!$E$2:$E$392,MATCH(N72,'Book rows'!$A$2:$A$392,0)),"row not found"))) | Q72: =IF(H72="Manual",IF(L72="","",L72),IF(N72="","",IFERROR(INDEX('Book rows'!$F$2:$F$392,MATCH(N72,'Book rows'!$A$2:$A$392,0)),"row not found")))
A73: Specialization: Insight | B73: Specializace: Vhled | C73: Features / Human features / Specialization: *Skill* | D73: 469 | E73: Specializace: *Dovednost* | F73: Family rule: Human specialization (book prices every skill alike) | G73: r525 Specializace: *Dovednost* (0.80); r752 Specializace: *Dovednost* (0.80); r146 Specializace na zbraň I (0.63); r487 Specialista (0.62); r148 Specializace na zbraň II (0.62) | H73: Accept | N73: =IF(H73="Accept",D73,IF(H73="Use row",I73,"")) | O73: =IF(H73="Manual",IF(J73="","",J73),IF(N73="","",IFERROR(INDEX('Book rows'!$D$2:$D$392,MATCH(N73,'Book rows'!$A$2:$A$392,0)),"row not found"))) | P73: =IF(H73="Manual",IF(K73="","",K73),IF(N73="","",IFERROR(INDEX('Book rows'!$E$2:$E$392,MATCH(N73,'Book rows'!$A$2:$A$392,0)),"row not found"))) | Q73: =IF(H73="Manual",IF(L73="","",L73),IF(N73="","",IFERROR(INDEX('Book rows'!$F$2:$F$392,MATCH(N73,'Book rows'!$A$2:$A$392,0)),"row not found")))
A74: Specialization: Intimidation | B74: Specializace: Zastrašování | C74: Features / Human features / Specialization: *Skill* | D74: 469 | E74: Specializace: *Dovednost* | F74: Family rule: Human specialization (book prices every skill alike) | G74: r146 Specializace na zbraň I (0.75); r148 Specializace na zbraň II (0.73); r525 Specializace: *Dovednost* (0.64); r752 Specializace: *Dovednost* (0.64); r487 Specialista (0.61) | H74: Accept | N74: =IF(H74="Accept",D74,IF(H74="Use row",I74,"")) | O74: =IF(H74="Manual",IF(J74="","",J74),IF(N74="","",IFERROR(INDEX('Book rows'!$D$2:$D$392,MATCH(N74,'Book rows'!$A$2:$A$392,0)),"row not found"))) | P74: =IF(H74="Manual",IF(K74="","",K74),IF(N74="","",IFERROR(INDEX('Book rows'!$E$2:$E$392,MATCH(N74,'Book rows'!$A$2:$A$392,0)),"row not found"))) | Q74: =IF(H74="Manual",IF(L74="","",L74),IF(N74="","",IFERROR(INDEX('Book rows'!$F$2:$F$392,MATCH(N74,'Book rows'!$A$2:$A$392,0)),"row not found")))
A75: Specialization: Leadership | B75: Specializace: Velení | C75: Features / Human features / Specialization: *Skill* | D75: 469 | E75: Specializace: *Dovednost* | F75: Family rule: Human specialization (book prices every skill alike) | G75: r525 Specializace: *Dovednost* (0.78); r752 Specializace: *Dovednost* (0.78); r146 Specializace na zbraň I (0.71); r148 Specializace na zbraň II (0.70); r487 Specialista (0.60) | H75: Accept | N75: =IF(H75="Accept",D75,IF(H75="Use row",I75,"")) | O75: =IF(H75="Manual",IF(J75="","",J75),IF(N75="","",IFERROR(INDEX('Book rows'!$D$2:$D$392,MATCH(N75,'Book rows'!$A$2:$A$392,0)),"row not found"))) | P75: =IF(H75="Manual",IF(K75="","",K75),IF(N75="","",IFERROR(INDEX('Book rows'!$E$2:$E$392,MATCH(N75,'Book rows'!$A$2:$A$392,0)),"row not found"))) | Q75: =IF(H75="Manual",IF(L75="","",L75),IF(N75="","",IFERROR(INDEX('Book rows'!$F$2:$F$392,MATCH(N75,'Book rows'!$A$2:$A$392,0)),"row not found")))
A76: Specialization: Lockpicking | B76: Specializace: Odemykání zámků | C76: Features / Human features / Specialization: *Skill* | D76: 469 | E76: Specializace: *Dovednost* | F76: Family rule: Human specialization (book prices every skill alike) | G76: r525 Specializace: *Dovednost* (0.64); r752 Specializace: *Dovednost* (0.64); r146 Specializace na zbraň I (0.63); r148 Specializace na zbraň II (0.62); r487 Specialista (0.46) | H76: Accept | N76: =IF(H76="Accept",D76,IF(H76="Use row",I76,"")) | O76: =IF(H76="Manual",IF(J76="","",J76),IF(N76="","",IFERROR(INDEX('Book rows'!$D$2:$D$392,MATCH(N76,'Book rows'!$A$2:$A$392,0)),"row not found"))) | P76: =IF(H76="Manual",IF(K76="","",K76),IF(N76="","",IFERROR(INDEX('Book rows'!$E$2:$E$392,MATCH(N76,'Book rows'!$A$2:$A$392,0)),"row not found"))) | Q76: =IF(H76="Manual",IF(L76="","",L76),IF(N76="","",IFERROR(INDEX('Book rows'!$F$2:$F$392,MATCH(N76,'Book rows'!$A$2:$A$392,0)),"row not found")))
A77: Specialization: Persuasion | B77: Specializace: Přesvědčování | C77: Features / Human features / Specialization: *Skill* | D77: 469 | E77: Specializace: *Dovednost* | F77: Family rule: Human specialization (book prices every skill alike) | G77: r525 Specializace: *Dovednost* (0.71); r752 Specializace: *Dovednost* (0.71); r146 Specializace na zbraň I (0.69); r148 Specializace na zbraň II (0.68); r487 Specialista (0.49) | H77: Accept | N77: =IF(H77="Accept",D77,IF(H77="Use row",I77,"")) | O77: =IF(H77="Manual",IF(J77="","",J77),IF(N77="","",IFERROR(INDEX('Book rows'!$D$2:$D$392,MATCH(N77,'Book rows'!$A$2:$A$392,0)),"row not found"))) | P77: =IF(H77="Manual",IF(K77="","",K77),IF(N77="","",IFERROR(INDEX('Book rows'!$E$2:$E$392,MATCH(N77,'Book rows'!$A$2:$A$392,0)),"row not found"))) | Q77: =IF(H77="Manual",IF(L77="","",L77),IF(N77="","",IFERROR(INDEX('Book rows'!$F$2:$F$392,MATCH(N77,'Book rows'!$A$2:$A$392,0)),"row not found")))
... A95: Talented II: Stealth | B95: Talentovaný II: Plížení | C95: Features / Human features / Talented | D95: 481 | E95: Talentovaný II | F95: Family rule: Talented II (book prices every skill alike) | G95: r483 Talentovaný III (0.81); r479 Talentovaný I (0.74); r322 Doteková stabilizace (0.52); r514 Trpasličí pikenýr (0.51) | H95: Accept | N95: =IF(H95="Accept",D95,IF(H95="Use row",I95,"")) | O95: =IF(H95="Manual",IF(J95="","",J95),IF(N95="","",IFERROR(INDEX('Book rows'!$D$2:$D$392,MATCH(N95,'Book rows'!$A$2:$A$392,0)),"row not found"))) | P95: =IF(H95="Manual",IF(K95="","",K95),IF(N95="","",IFERROR(INDEX('Book rows'!$E$2:$E$392,MATCH(N95,'Book rows'!$A$2:$A$392,0)),"row not found"))) | Q95: =IF(H95="Manual",IF(L95="","",L95),IF(N95="","",IFERROR(INDEX('Book rows'!$F$2:$F$392,MATCH(N95,'Book rows'!$A$2:$A$392,0)),"row not found")))
A96: Deep focus | B96: Usilovná koncentrace | C96: Features / Mage features | F96: No real candidate in the book | G96: r627 Vrozená regenerace I (0.50); r684 Šikovné ruce (0.50); r460 Duševní terapeut (0.50); r635 Vrozená regenerace II (0.49); r390 Tělesná kalibrace (0.49) | N96: =IF(H96="Accept",D96,IF(H96="Use row",I96,"")) | O96: =IF(H96="Manual",IF(J96="","",J96),IF(N96="","",IFERROR(INDEX('Book rows'!$D$2:$D$392,MATCH(N96,'Book rows'!$A$2:$A$392,0)),"row not found"))) | P96: =IF(H96="Manual",IF(K96="","",K96),IF(N96="","",IFERROR(INDEX('Book rows'!$E$2:$E$392,MATCH(N96,'Book rows'!$A$2:$A$392,0)),"row not found"))) | Q96: =IF(H96="Manual",IF(L96="","",L96),IF(N96="","",IFERROR(INDEX('Book rows'!$F$2:$F$392,MATCH(N96,'Book rows'!$A$2:$A$392,0)),"row not found")))
A97: Fast spells | B97: Rychlá kouzla | C97: Features / Mage features | D97: 342 | E97: Rychlé kouzlo I | F97: Weak name match (0.79); likely wrong | G97: r348 Rychlé kouzlo IV (0.76); r344 Rychlé kouzlo II (0.76); r346 Rychlé kouzlo III (0.73); r122 Rychlá odveta (0.69) | N97: =IF(H97="Accept",D97,IF(H97="Use row",I97,"")) | O97: =IF(H97="Manual",IF(J97="","",J97),IF(N97="","",IFERROR(INDEX('Book rows'!$D$2:$D$392,MATCH(N97,'Book rows'!$A$2:$A$392,0)),"row not found"))) | P97: =IF(H97="Manual",IF(K97="","",K97),IF(N97="","",IFERROR(INDEX('Book rows'!$E$2:$E$392,MATCH(N97,'Book rows'!$A$2:$A$392,0)),"row not found"))) | Q97: =IF(H97="Manual",IF(L97="","",L97),IF(N97="","",IFERROR(INDEX('Book rows'!$F$2:$F$392,MATCH(N97,'Book rows'!$A$2:$A$392,0)),"row not found")))
A98: Improved Burn | B98: Vylepšené podpálení | C98: Features / Mage features | D98: 355 | E98: Podpálení | F98: Weak name match (0.64); likely wrong | G98: r581 Temné pokušení (0.55); r350 Zrychlené čarování (0.54); r489 Zkušený válečník (0.51); r770 Zkušený válečník (0.51); r362 Zpomalení (0.50) | N98: =IF(H98="Accept",D98,IF(H98="Use row",I98,"")) | O98: =IF(H98="Manual",IF(J98="","",J98),IF(N98="","",IFERROR(INDEX('Book rows'!$D$2:$D$392,MATCH(N98,'Book rows'!$A$2:$A$392,0)),"row not found"))) | P98: =IF(H98="Manual",IF(K98="","",K98),IF(N98="","",IFERROR(INDEX('Book rows'!$E$2:$E$392,MATCH(N98,'Book rows'!$A$2:$A$392,0)),"row not found"))) | Q98: =IF(H98="Manual",IF(L98="","",L98),IF(N98="","",IFERROR(INDEX('Book rows'!$F$2:$F$392,MATCH(N98,'Book rows'!$A$2:$A$392,0)),"row not found")))
A99: Improved Slow | B99: Vylepšené zpomalení | C99: Features / Mage features | D99: 362 | E99: Zpomalení | F99: Weak name match (0.64); likely wrong | G99: r350 Zrychlené čarování (0.54); r489 Zkušený válečník (0.51); r770 Zkušený válečník (0.51); r355 Podpálení (0.50); r569 Vznešená mluva (0.48) | N99: =IF(H99="Accept",D99,IF(H99="Use row",I99,"")) | O99: =IF(H99="Manual",IF(J99="","",J99),IF(N99="","",IFERROR(INDEX('Book rows'!$D$2:$D$392,MATCH(N99,'Book rows'!$A$2:$A$392,0)),"row not found"))) | P99: =IF(H99="Manual",IF(K99="","",K99),IF(N99="","",IFERROR(INDEX('Book rows'!$E$2:$E$392,MATCH(N99,'Book rows'!$A$2:$A$392,0)),"row not found"))) | Q99: =IF(H99="Manual",IF(L99="","",L99),IF(N99="","",IFERROR(INDEX('Book rows'!$F$2:$F$392,MATCH(N99,'Book rows'!$A$2:$A$392,0)),"row not found")))
A100: Magic traps | B100: Magické pasti | C100: Features / Mage features | D100: 330 | E100: Magické pasti I | F100: Book has tiers (I, II...) but the pack has one item; tier I suggested | G100: r332 Magické pasti II (0.90); r334 Magické pasti III (0.87); r241 Mistr pastí (0.67); r595 Magická expertíza (0.67) | N100: =IF(H100="Accept",D100,IF(H100="Use row",I100,"")) | O100: =IF(H100="Manual",IF(J100="","",J100),IF(N100="","",IFERROR(INDEX('Book rows'!$D$2:$D$392,MATCH(N100,'Book rows'!$A$2:$A$392,0)),"row not found"))) | P100: =IF(H100="Manual",IF(K100="","",K100),IF(N100="","",IFERROR(INDEX('Book rows'!$E$2:$E$392,MATCH(N100,'Book rows'!$A$2:$A$392,0)),"row not found"))) | Q100: =IF(H100="Manual",IF(L100="","",L100),IF(N100="","",IFERROR(INDEX('Book rows'!$F$2:$F$392,MATCH(N100,'Book rows'!$A$2:$A$392,0)),"row not found")))
A101: Quick channeling | B101: Rychlé usměrňování | C101: Features / Mage features | D101: 350 | E101: Zrychlené čarování | F101: Weak name match (0.72); likely wrong | G101: r128 Rychlý útočník (0.62); r126 Rychlé ruce (0.62); r342 Rychlé kouzlo I (0.61); r348 Rychlé kouzlo IV (0.59) | N101: =IF(H101="Accept",D101,IF(H101="Use row",I101,"")) | O101: =IF(H101="Manual",IF(J101="","",J101),IF(N101="","",IFERROR(INDEX('Book rows'!$D$2:$D$392,MATCH(N101,'Book rows'!$A$2:$A$392,0)),"row not found"))) | P101: =IF(H101="Manual",IF(K101="","",K101),IF(N101="","",IFERROR(INDEX('Book rows'!$E$2:$E$392,MATCH(N101,'Book rows'!$A$2:$A$392,0)),"row not found"))) | Q101: =IF(H101="Manual",IF(L101="","",L101),IF(N101="","",IFERROR(INDEX('Book rows'!$F$2:$F$392,MATCH(N101,'Book rows'!$A$2:$A$392,0)),"row not found")))
A102: Stabilising touch | B102: Stabilizující dotek | C102: Features / Mage features | F102: No real candidate in the book | G102: r255 Očišťující bolest (0.56); r322 Doteková stabilizace (0.51); r777 Ptačí žaludek (0.50); r378 Omračující blesky (0.50); r469 Specializace: *Dovednost* (0.49); r525 Specializace: *Dovednost* (0.49) | N102: =IF(H102="Accept",D102,IF(H102="Use row",I102,"")) | O102: =IF(H102="Manual",IF(J102="","",J102),IF(N102="","",IFERROR(INDEX('Book rows'!$D$2:$D$392,MATCH(N102,'Book rows'!$A$2:$A$392,0)),"row not found"))) | P102: =IF(H102="Manual",IF(K102="","",K102),IF(N102="","",IFERROR(INDEX('Book rows'!$E$2:$E$392,MATCH(N102,'Book rows'!$A$2:$A$392,0)),"row not found"))) | Q102: =IF(H102="Manual",IF(L102="","",L102),IF(N102="","",IFERROR(INDEX('Book rows'!$F$2:$F$392,MATCH(N102,'Book rows'!$A$2:$A$392,0)),"row not found")))
A103: Battlebrother | B103: Bratr ve zbrani | C103: Features / Noncombat features | F103: No real candidate in the book | G103: r46 Exotické zbraně I (0.56); r48 Exotické zbraně II (0.55); r70 Krvavé nabodnutí (0.52); r20 Akrobatická obrana I (0.51); r340 Pohotové čarování (0.50) | N103: =IF(H103="Accept",D103,IF(H103="Use row",I103,"")) | O103: =IF(H103="Manual",IF(J103="","",J103),IF(N103="","",IFERROR(INDEX('Book rows'!$D$2:$D$392,MATCH(N103,'Book rows'!$A$2:$A$392,0)),"row not found"))) | P103: =IF(H103="Manual",IF(K103="","",K103),IF(N103="","",IFERROR(INDEX('Book rows'!$E$2:$E$392,MATCH(N103,'Book rows'!$A$2:$A$392,0)),"row not found"))) | Q103: =IF(H103="Manual",IF(L103="","",L103),IF(N103="","",IFERROR(INDEX('Book rows'!$F$2:$F$392,MATCH(N103,'Book rows'!$A$2:$A$392,0)),"row not found")))
A104: Crawling | B104: Plazení | C104: Features / Noncombat features | D104: 116 | E104: Přetažení | F104: Weak name match (0.75); likely wrong | G104: r362 Zpomalení (0.62); r106 Prohození (0.62); r355 Podpálení (0.62); r724 Rozptýlení (0.59) | N104: =IF(H104="Accept",D104,IF(H104="Use row",I104,"")) | O104: =IF(H104="Manual",IF(J104="","",J104),IF(N104="","",IFERROR(INDEX('Book rows'!$D$2:$D$392,MATCH(N104,'Book rows'!$A$2:$A$392,0)),"row not found"))) | P104: =IF(H104="Manual",IF(K104="","",K104),IF(N104="","",IFERROR(INDEX('Book rows'!$E$2:$E$392,MATCH(N104,'Book rows'!$A$2:$A$392,0)),"row not found"))) | Q104: =IF(H104="Manual",IF(L104="","",L104),IF(N104="","",IFERROR(INDEX('Book rows'!$F$2:$F$392,MATCH(N104,'Book rows'!$A$2:$A$392,0)),"row not found")))
A105: Determination | B105: Odhodlání | C105: Features / Noncombat features | F105: No real candidate in the book | G105: r106 Prohození (0.56); r355 Podpálení (0.56); r647 Pohled hada (0.50); r189 Dlouhá modlitba (0.50); r428 Blahodárné snění (0.48) | N105: =IF(H105="Accept",D105,IF(H105="Use row",I105,"")) | O105: =IF(H105="Manual",IF(J105="","",J105),IF(N105="","",IFERROR(INDEX('Book rows'!$D$2:$D$392,MATCH(N105,'Book rows'!$A$2:$A$392,0)),"row not found"))) | P105: =IF(H105="Manual",IF(K105="","",K105),IF(N105="","",IFERROR(INDEX('Book rows'!$E$2:$E$392,MATCH(N105,'Book rows'!$A$2:$A$392,0)),"row not found"))) | Q105: =IF(H105="Manual",IF(L105="","",L105),IF(N105="","",IFERROR(INDEX('Book rows'!$F$2:$F$392,MATCH(N105,'Book rows'!$A$2:$A$392,0)),"row not found")))
A106: Drinker | B106: Pijan | C106: Features / Noncombat features | D106: 257 | E106: Piják | F106: Weak name match (0.80); likely wrong | G106: r512 Partizán (0.62); r704 Spáč (0.44); r412 Nebojácný (0.43); r213 Expertíza (0.43) | N106: =IF(H106="Accept",D106,IF(H106="Use row",I106,"")) | O106: =IF(H106="Manual",IF(J106="","",J106),IF(N106="","",IFERROR(INDEX('Book rows'!$D$2:$D$392,MATCH(N106,'Book rows'!$A$2:$A$392,0)),"row not found"))) | P106: =IF(H106="Manual",IF(K106="","",K106),IF(N106="","",IFERROR(INDEX('Book rows'!$E$2:$E$392,MATCH(N106,'Book rows'!$A$2:$A$392,0)),"row not found"))) | Q106: =IF(H106="Manual",IF(L106="","",L106),IF(N106="","",IFERROR(INDEX('Book rows'!$F$2:$F$392,MATCH(N106,'Book rows'!$A$2:$A$392,0)),"row not found")))
A107: Hardened | B107: Otužilý | C107: Features / Noncombat features | F107: No real candidate in the book | G107: r612 Radost z jídla (0.48); r629 Obojživelník (0.42); r378 Omračující blesky (0.42); r255 Očišťující bolest (0.42); r307 Zocelený (0.40) | N107: =IF(H107="Accept",D107,IF(H107="Use row",I107,"")) | O107: =IF(H107="Manual",IF(J107="","",J107),IF(N107="","",IFERROR(INDEX('Book rows'!$D$2:$D$392,MATCH(N107,'Book rows'!$A$2:$A$392,0)),"row not found"))) | P107: =IF(H107="Manual",IF(K107="","",K107),IF(N107="","",IFERROR(INDEX('Book rows'!$E$2:$E$392,MATCH(N107,'Book rows'!$A$2:$A$392,0)),"row not found"))) | Q107: =IF(H107="Manual",IF(L107="","",L107),IF(N107="","",IFERROR(INDEX('Book rows'!$F$2:$F$392,MATCH(N107,'Book rows'!$A$2:$A$392,0)),"row not found")))
A108: Liquor Connoisseur | B108: Znalec lihovin | C108: Features / Noncombat features | D108: 303 | E108: Znalec iluzí | F108: Weak name match (0.69); likely wrong | G108: r301 Znalec alkoholu (0.69); r305 Znalec zlodějů (0.64); r283 Svalovec II (0.56); r291 Učenec II (0.52) | N108: =IF(H108="Accept",D108,IF(H108="Use row",I108,"")) | O108: =IF(H108="Manual",IF(J108="","",J108),IF(N108="","",IFERROR(INDEX('Book rows'!$D$2:$D$392,MATCH(N108,'Book rows'!$A$2:$A$392,0)),"row not found"))) | P108: =IF(H108="Manual",IF(K108="","",K108),IF(N108="","",IFERROR(INDEX('Book rows'!$E$2:$E$392,MATCH(N108,'Book rows'!$A$2:$A$392,0)),"row not found"))) | Q108: =IF(H108="Manual",IF(L108="","",L108),IF(N108="","",IFERROR(INDEX('Book rows'!$F$2:$F$392,MATCH(N108,'Book rows'!$A$2:$A$392,0)),"row not found")))
A109: Master herbalist | B109: Mistr bylinář | C109: Features / Noncombat features | D109: 239 | E109: Mistr bylinkář | F109: Name looks alike (0.96); check it is the same feature | G109: r76 Mistr vrhu (0.61); r243 Mistr slov (0.61); r74 Mistr nožů (0.61); r18 Mistr boje (0.61) | N109: =IF(H109="Accept",D109,IF(H109="Use row",I109,"")) | O109: =IF(H109="Manual",IF(J109="","",J109),IF(N109="","",IFERROR(INDEX('Book rows'!$D$2:$D$392,MATCH(N109,'Book rows'!$A$2:$A$392,0)),"row not found"))) | P109: =IF(H109="Manual",IF(K109="","",K109),IF(N109="","",IFERROR(INDEX('Book rows'!$E$2:$E$392,MATCH(N109,'Book rows'!$A$2:$A$392,0)),"row not found"))) | Q109: =IF(H109="Manual",IF(L109="","",L109),IF(N109="","",IFERROR(INDEX('Book rows'!$F$2:$F$392,MATCH(N109,'Book rows'!$A$2:$A$392,0)),"row not found")))
A110: Muscular I | B110: Svalnatý I | C110: Features / Noncombat features | D110: 281 | E110: Svalovec I | F110: Weak name match (0.60); likely wrong | G110: r283 Svalovec II (0.57); r158 Volná ruka I (0.55); r26 Akrobat I (0.53); r160 Volná ruka II (0.52) | N110: =IF(H110="Accept",D110,IF(H110="Use row",I110,"")) | O110: =IF(H110="Manual",IF(J110="","",J110),IF(N110="","",IFERROR(INDEX('Book rows'!$D$2:$D$392,MATCH(N110,'Book rows'!$A$2:$A$392,0)),"row not found"))) | P110: =IF(H110="Manual",IF(K110="","",K110),IF(N110="","",IFERROR(INDEX('Book rows'!$E$2:$E$392,MATCH(N110,'Book rows'!$A$2:$A$392,0)),"row not found"))) | Q110: =IF(H110="Manual",IF(L110="","",L110),IF(N110="","",IFERROR(INDEX('Book rows'!$F$2:$F$392,MATCH(N110,'Book rows'!$A$2:$A$392,0)),"row not found")))
A111: Muscular II | B111: Svalnatý II | C111: Features / Noncombat features | D111: 283 | E111: Svalovec II | F111: Weak name match (0.64); likely wrong | G111: r160 Volná ruka II (0.58); r281 Svalovec I (0.57); r28 Akrobat II (0.57); r481 Talentovaný II (0.56) | N111: =IF(H111="Accept",D111,IF(H111="Use row",I111,"")) | O111: =IF(H111="Manual",IF(J111="","",J111),IF(N111="","",IFERROR(INDEX('Book rows'!$D$2:$D$392,MATCH(N111,'Book rows'!$A$2:$A$392,0)),"row not found"))) | P111: =IF(H111="Manual",IF(K111="","",K111),IF(N111="","",IFERROR(INDEX('Book rows'!$E$2:$E$392,MATCH(N111,'Book rows'!$A$2:$A$392,0)),"row not found"))) | Q111: =IF(H111="Manual",IF(L111="","",L111),IF(N111="","",IFERROR(INDEX('Book rows'!$F$2:$F$392,MATCH(N111,'Book rows'!$A$2:$A$392,0)),"row not found")))
A112: Wordsmith | B112: Mistr slova | C112: Features / Noncombat features | D112: 243 | E112: Mistr slov | F112: Name looks alike (0.95); check it is the same feature | G112: r245 Mistr zloděj (0.70); r76 Mistr vrhu (0.67); r74 Mistr nožů (0.67); r18 Mistr boje (0.67) | N112: =IF(H112="Accept",D112,IF(H112="Use row",I112,"")) | O112: =IF(H112="Manual",IF(J112="","",J112),IF(N112="","",IFERROR(INDEX('Book rows'!$D$2:$D$392,MATCH(N112,'Book rows'!$A$2:$A$392,0)),"row not found"))) | P112: =IF(H112="Manual",IF(K112="","",K112),IF(N112="","",IFERROR(INDEX('Book rows'!$E$2:$E$392,MATCH(N112,'Book rows'!$A$2:$A$392,0)),"row not found"))) | Q112: =IF(H112="Manual",IF(L112="","",L112),IF(N112="","",IFERROR(INDEX('Book rows'!$F$2:$F$392,MATCH(N112,'Book rows'!$A$2:$A$392,0)),"row not found")))
A113: Proficiency: Acrobacy | B113: Zdatnost: Akrobacie | C113: Features / Proficiencies | F113: No book row: Proficiency features appear in no rules sheet | G113: r785 Znalost dynastie (0.53); r26 Akrobat I (0.52); r80 Nezdolnost kamene (0.51); r193 *Dovednost A*: Adept (0.51); r28 Akrobat II (0.50) | N113: =IF(H113="Accept",D113,IF(H113="Use row",I113,"")) | O113: =IF(H113="Manual",IF(J113="","",J113),IF(N113="","",IFERROR(INDEX('Book rows'!$D$2:$D$392,MATCH(N113,'Book rows'!$A$2:$A$392,0)),"row not found"))) | P113: =IF(H113="Manual",IF(K113="","",K113),IF(N113="","",IFERROR(INDEX('Book rows'!$E$2:$E$392,MATCH(N113,'Book rows'!$A$2:$A$392,0)),"row not found"))) | Q113: =IF(H113="Manual",IF(L113="","",L113),IF(N113="","",IFERROR(INDEX('Book rows'!$F$2:$F$392,MATCH(N113,'Book rows'!$A$2:$A$392,0)),"row not found")))
A114: Proficiency: Alchemy | B114: Zdatnost: Alchymie | C114: Features / Proficiencies | F114: No book row: Proficiency features appear in no rules sheet | G114: r263 Rozbor alchemie (0.62); r80 Nezdolnost kamene (0.59); r785 Znalost dynastie (0.55); r209 *Dovednost C*: Mistr (0.53); r197 *Dovednost A*: Mistr (0.53) | N114: =IF(H114="Accept",D114,IF(H114="Use row",I114,"")) | O114: =IF(H114="Manual",IF(J114="","",J114),IF(N114="","",IFERROR(INDEX('Book rows'!$D$2:$D$392,MATCH(N114,'Book rows'!$A$2:$A$392,0)),"row not found"))) | P114: =IF(H114="Manual",IF(K114="","",K114),IF(N114="","",IFERROR(INDEX('Book rows'!$E$2:$E$392,MATCH(N114,'Book rows'!$A$2:$A$392,0)),"row not found"))) | Q114: =IF(H114="Manual",IF(L114="","",L114),IF(N114="","",IFERROR(INDEX('Book rows'!$F$2:$F$392,MATCH(N114,'Book rows'!$A$2:$A$392,0)),"row not found")))
A115: Proficiency: Animal Handling | B115: Zdatnost: Zacházení se zvířaty | C115: Features / Proficiencies | F115: No book row: Proficiency features appear in no rules sheet | G115: r438 Spojení se zvířaty (0.64); r275 Společník zvířat (0.49); r80 Nezdolnost kamene (0.48); r207 *Dovednost C*: Expert (0.47); r195 *Dovednost A*: Expert (0.47) | N115: =IF(H115="Accept",D115,IF(H115="Use row",I115,"")) | O115: =IF(H115="Manual",IF(J115="","",J115),IF(N115="","",IFERROR(INDEX('Book rows'!$D$2:$D$392,MATCH(N115,'Book rows'!$A$2:$A$392,0)),"row not found"))) | P115: =IF(H115="Manual",IF(K115="","",K115),IF(N115="","",IFERROR(INDEX('Book rows'!$E$2:$E$392,MATCH(N115,'Book rows'!$A$2:$A$392,0)),"row not found"))) | Q115: =IF(H115="Manual",IF(L115="","",L115),IF(N115="","",IFERROR(INDEX('Book rows'!$F$2:$F$392,MATCH(N115,'Book rows'!$A$2:$A$392,0)),"row not found")))
A116: Proficiency: Arcana | B116: Zdatnost: Arcana | C116: Features / Proficiencies | F116: No book row: Proficiency features appear in no rules sheet | G116: r80 Nezdolnost kamene (0.56); r168 Zbloudilá rána (0.55); r785 Znalost dynastie (0.52); r338 Plošná obrana (0.50); r197 *Dovednost A*: Mistr (0.50) | N116: =IF(H116="Accept",D116,IF(H116="Use row",I116,"")) | O116: =IF(H116="Manual",IF(J116="","",J116),IF(N116="","",IFERROR(INDEX('Book rows'!$D$2:$D$392,MATCH(N116,'Book rows'!$A$2:$A$392,0)),"row not found"))) | P116: =IF(H116="Manual",IF(K116="","",K116),IF(N116="","",IFERROR(INDEX('Book rows'!$E$2:$E$392,MATCH(N116,'Book rows'!$A$2:$A$392,0)),"row not found"))) | Q116: =IF(H116="Manual",IF(L116="","",L116),IF(N116="","",IFERROR(INDEX('Book rows'!$F$2:$F$392,MATCH(N116,'Book rows'!$A$2:$A$392,0)),"row not found")))
A117: Proficiency: Athletics | B117: Zdatnost: Atletika | C117: Features / Proficiencies | F117: No book row: Proficiency features appear in no rules sheet | G117: r785 Znalost dynastie (0.55); r80 Nezdolnost kamene (0.53); r64 Jednooký válečník (0.53); r623 Odolnost na jedy I (0.51); r639 Odolnost na jedy II (0.50) | N117: =IF(H117="Accept",D117,IF(H117="Use row",I117,"")) | O117: =IF(H117="Manual",IF(J117="","",J117),IF(N117="","",IFERROR(INDEX('Book rows'!$D$2:$D$392,MATCH(N117,'Book rows'!$A$2:$A$392,0)),"row not found"))) | P117: =IF(H117="Manual",IF(K117="","",K117),IF(N117="","",IFERROR(INDEX('Book rows'!$E$2:$E$392,MATCH(N117,'Book rows'!$A$2:$A$392,0)),"row not found"))) | Q117: =IF(H117="Manual",IF(L117="","",L117),IF(N117="","",IFERROR(INDEX('Book rows'!$F$2:$F$392,MATCH(N117,'Book rows'!$A$2:$A$392,0)),"row not found")))
A118: Proficiency: First aid | B118: Zdatnost: Ranhojičství | C118: Features / Proficiencies | F118: No book row: Proficiency features appear in no rules sheet | G118: r785 Znalost dynastie (0.54); r197 *Dovednost A*: Mistr (0.53); r639 Odolnost na jedy II (0.50); r80 Nezdolnost kamene (0.47); r209 *Dovednost C*: Mistr (0.47) | N118: =IF(H118="Accept",D118,IF(H118="Use row",I118,"")) | O118: =IF(H118="Manual",IF(J118="","",J118),IF(N118="","",IFERROR(INDEX('Book rows'!$D$2:$D$392,MATCH(N118,'Book rows'!$A$2:$A$392,0)),"row not found"))) | P118: =IF(H118="Manual",IF(K118="","",K118),IF(N118="","",IFERROR(INDEX('Book rows'!$E$2:$E$392,MATCH(N118,'Book rows'!$A$2:$A$392,0)),"row not found"))) | Q118: =IF(H118="Manual",IF(L118="","",L118),IF(N118="","",IFERROR(INDEX('Book rows'!$F$2:$F$392,MATCH(N118,'Book rows'!$A$2:$A$392,0)),"row not found")))
A119: Proficiency: Leadership | B119: Zdatnost: Velení | C119: Features / Proficiencies | F119: No book row: Proficiency features appear in no rules sheet | G119: r60 Jízdní střelec I (0.58); r80 Nezdolnost kamene (0.56); r62 Jízdní střelec II (0.56); r64 Jednooký válečník (0.56); r307 Zocelený (0.52) | N119: =IF(H119="Accept",D119,IF(H119="Use row",I119,"")) | O119: =IF(H119="Manual",IF(J119="","",J119),IF(N119="","",IFERROR(INDEX('Book rows'!$D$2:$D$392,MATCH(N119,'Book rows'!$A$2:$A$392,0)),"row not found"))) | P119: =IF(H119="Manual",IF(K119="","",K119),IF(N119="","",IFERROR(INDEX('Book rows'!$E$2:$E$392,MATCH(N119,'Book rows'!$A$2:$A$392,0)),"row not found"))) | Q119: =IF(H119="Manual",IF(L119="","",L119),IF(N119="","",IFERROR(INDEX('Book rows'!$F$2:$F$392,MATCH(N119,'Book rows'!$A$2:$A$392,0)),"row not found")))
A120: Proficiency: Lockpicking | B120: Zdatnost: Odemykání zámků | C120: Features / Proficiencies | F120: No book row: Proficiency features appear in no rules sheet | G120: r80 Nezdolnost kamene (0.49); r692 Drogový maniak (0.47); r623 Odolnost na jedy I (0.43); r639 Odolnost na jedy II (0.42); r625 Ještěří žaludek (0.41) | N120: =IF(H120="Accept",D120,IF(H120="Use row",I120,"")) | O120: =IF(H120="Manual",IF(J120="","",J120),IF(N120="","",IFERROR(INDEX('Book rows'!$D$2:$D$392,MATCH(N120,'Book rows'!$A$2:$A$392,0)),"row not found"))) | P120: =IF(H120="Manual",IF(K120="","",K120),IF(N120="","",IFERROR(INDEX('Book rows'!$E$2:$E$392,MATCH(N120,'Book rows'!$A$2:$A$392,0)),"row not found"))) | Q120: =IF(H120="Manual",IF(L120="","",L120),IF(N120="","",IFERROR(INDEX('Book rows'!$F$2:$F$392,MATCH(N120,'Book rows'!$A$2:$A$392,0)),"row not found")))
A121: Proficiency: Pickpocketing | B121: Zdatnost: Kapsářství | C121: Features / Proficiencies | F121: No book row: Proficiency features appear in no rules sheet | G121: r785 Znalost dynastie (0.57); r195 *Dovednost A*: Expert (0.54); r80 Nezdolnost kamene (0.50); r205 *Dovednost C*: Adept (0.50); r199 *Dovednost B*: Adept (0.50) | N121: =IF(H121="Accept",D121,IF(H121="Use row",I121,"")) | O121: =IF(H121="Manual",IF(J121="","",J121),IF(N121="","",IFERROR(INDEX('Book rows'!$D$2:$D$392,MATCH(N121,'Book rows'!$A$2:$A$392,0)),"row not found"))) | P121: =IF(H121="Manual",IF(K121="","",K121),IF(N121="","",IFERROR(INDEX('Book rows'!$E$2:$E$392,MATCH(N121,'Book rows'!$A$2:$A$392,0)),"row not found"))) | Q121: =IF(H121="Manual",IF(L121="","",L121),IF(N121="","",IFERROR(INDEX('Book rows'!$F$2:$F$392,MATCH(N121,'Book rows'!$A$2:$A$392,0)),"row not found")))
A122: Proficiency: Research | B122: Zdatnost: Výzkum | C122: Features / Proficiencies | F122: No book row: Proficiency features appear in no rules sheet | G122: r80 Nezdolnost kamene (0.56); r659 Dračí výdrž (0.46); r785 Znalost dynastie (0.45); r732 Radost z mizérie (0.45); r56 Houževnatost (0.44) | N122: =IF(H122="Accept",D122,IF(H122="Use row",I122,"")) | O122: =IF(H122="Manual",IF(J122="","",J122),IF(N122="","",IFERROR(INDEX('Book rows'!$D$2:$D$392,MATCH(N122,'Book rows'!$A$2:$A$392,0)),"row not found"))) | P122: =IF(H122="Manual",IF(K122="","",K122),IF(N122="","",IFERROR(INDEX('Book rows'!$E$2:$E$392,MATCH(N122,'Book rows'!$A$2:$A$392,0)),"row not found"))) | Q122: =IF(H122="Manual",IF(L122="","",L122),IF(N122="","",IFERROR(INDEX('Book rows'!$F$2:$F$392,MATCH(N122,'Book rows'!$A$2:$A$392,0)),"row not found")))
A123: Proficiency: Stealth | B123: Zdatnost: Plížení | C123: Features / Proficiencies | F123: No book row: Proficiency features appear in no rules sheet | G123: r732 Radost z mizérie (0.56); r80 Nezdolnost kamene (0.55); r477 Lidská umíněnost II (0.51); r785 Znalost dynastie (0.50); r144 Snadné přebíjení (0.50) | N123: =IF(H123="Accept",D123,IF(H123="Use row",I123,"")) | O123: =IF(H123="Manual",IF(J123="","",J123),IF(N123="","",IFERROR(INDEX('Book rows'!$D$2:$D$392,MATCH(N123,'Book rows'!$A$2:$A$392,0)),"row not found"))) | P123: =IF(H123="Manual",IF(K123="","",K123),IF(N123="","",IFERROR(INDEX('Book rows'!$E$2:$E$392,MATCH(N123,'Book rows'!$A$2:$A$392,0)),"row not found"))) | Q123: =IF(H123="Manual",IF(L123="","",L123),IF(N123="","",IFERROR(INDEX('Book rows'!$F$2:$F$392,MATCH(N123,'Book rows'!$A$2:$A$392,0)),"row not found")))
A124: Proficiency: Traps | B124: Zdatnost: Pasti | C124: Features / Proficiencies | F124: No book row: Proficiency features appear in no rules sheet | G124: r785 Znalost dynastie (0.67); r241 Mistr pastí (0.64); r197 *Dovednost A*: Mistr (0.58); r766 Aspekt Pomsty (0.52); r80 Nezdolnost kamene (0.52) | N124: =IF(H124="Accept",D124,IF(H124="Use row",I124,"")) | O124: =IF(H124="Manual",IF(J124="","",J124),IF(N124="","",IFERROR(INDEX('Book rows'!$D$2:$D$392,MATCH(N124,'Book rows'!$A$2:$A$392,0)),"row not found"))) | P124: =IF(H124="Manual",IF(K124="","",K124),IF(N124="","",IFERROR(INDEX('Book rows'!$E$2:$E$392,MATCH(N124,'Book rows'!$A$2:$A$392,0)),"row not found"))) | Q124: =IF(H124="Manual",IF(L124="","",L124),IF(N124="","",IFERROR(INDEX('Book rows'!$F$2:$F$392,MATCH(N124,'Book rows'!$A$2:$A$392,0)),"row not found")))
A125: Calm Body | B125: Klidné tělo | C125: Features / Trait Features | D125: 227 | E125: Klid těla | F125: Weak name match (0.80); likely wrong | G125: r388 Čisté tělo (0.67); r229 Klidná mysl (0.64); r231 Lidem milovaný (0.56); r557 Klidná hladina (0.56) | N125: =IF(H125="Accept",D125,IF(H125="Use row",I125,"")) | O125: =IF(H125="Manual",IF(J125="","",J125),IF(N125="","",IFERROR(INDEX('Book rows'!$D$2:$D$392,MATCH(N125,'Book rows'!$A$2:$A$392,0)),"row not found"))) | P125: =IF(H125="Manual",IF(K125="","",K125),IF(N125="","",IFERROR(INDEX('Book rows'!$E$2:$E$392,MATCH(N125,'Book rows'!$A$2:$A$392,0)),"row not found"))) | Q125: =IF(H125="Manual",IF(L125="","",L125),IF(N125="","",IFERROR(INDEX('Book rows'!$F$2:$F$392,MATCH(N125,'Book rows'!$A$2:$A$392,0)),"row not found")))

Sheet Auto-accepted
A1: Pack feature (English) | B1: Czech name | C1: Pack folder | D1: How matched | E1: Book row # | F1: Book name | G1: Cost | H1: Currency | I1: Requirements
A2: Armor Training I | B2: Výcvik se zbrojí I | C2: Features / Combat features | D2: Exact Czech name | E2: 162 | F2: Výcvik se zbrojí I | G2: 5 | H2: CP | I2: Odolnost 3; Učitel I
A3: Armor Training II | B3: Výcvik se zbrojí II | C3: Features / Combat features | D3: Exact Czech name | E3: 164 | F3: Výcvik se zbrojí II | G3: 10 | H3: CP | I3: Učitel I
A4: Cleaver Cleave | B4: Rozseknutí sekáčkem | C4: Features / Combat features | D4: Exact Czech name | E4: 132 | F4: Rozseknutí sekáčkem | G4: 10 | H4: CP | I4: Meče V
A5: Combat Genius II | B5: Bojový génius II | C5: Features / Combat features | D5: Exact Czech name | E5: 40 | F5: Bojový génius II | G5: 10 | H5: CP | I5: Bojový génius I; Doktrína VI; Inteligence 5
A6: Finesse | B6: Finesa | C6: Features / Combat features | D6: Exact Czech name | E6: 50 | F6: Finesa | G6: 10 | H6: CP | I6: Obratnost 3; Učitel I; Obratnost > Síla
A7: Flamberge Cleave | B7: Rozseknutí flambergem | C7: Features / Combat features | D7: Exact Czech name | E7: 130 | F7: Rozseknutí flambergem | G7: 5 | H7: CP | I7: Šermíř IV
A8: Free hand I | B8: Volná ruka I | C8: Features / Combat features | D8: Exact Czech name | E8: 158 | F8: Volná ruka I | G8: 10 | H8: CP | I8: Duelista III
A9: Free hand II | B9: Volná ruka II | C9: Features / Combat features | D9: Exact Czech name | E9: 160 | F9: Volná ruka II | G9: 10 | H9: CP | I9: Volná Ruka I; Duelista V
A10: Fuscina Ictus | B10: Fuscina Ictus | C10: Features / Combat features | D10: Exact Czech name | E10: 52 | F10: Fuscina Ictus | G10: 5 | H10: CP | I10: Dřevcové V
A11: Imbroccata | B11: Imbroccata | C11: Features / Combat features | D11: Exact Czech name | E11: 58 | F11: Imbroccata | G11: 5 | H11: CP | I11: Meče III
A12: Indestructible | B12: Nezničitelný | C12: Features / Combat features | D12: Exact Czech name | E12: 82 | F12: Nezničitelný | G12: 20 | H12: CP | I12: Tuhý kořínek / Odolnost 6
A13: Iron Muscles | B13: Železné svaly | C13: Features / Combat features | D13: Exact Czech name | E13: 178 | F13: Železné svaly | G13: 5 | H13: CP | I13: Síla > Odolnost
... A100: Expert: Traps | B100: Expert: Pasti | C100: Features / Experts | D100: Skill tier: traps is class C | E100: 207 | F100: *Dovednost C*: Expert | G100: 10 | H100: SP | I100: *Dovednost* VI; *Dovednost* Adept

Sheet Book rows
A1: Book row # | B1: Section | C1: Name (Czech) | D1: Cost | E1: Currency | F1: Requirements (Czech) | G1: Description (Czech)
A2: 14 | B2: Combat | C2: Adept boje | D2: 10 | E2: CP | F2: Souboj V / Střelba V | G2: Výdrž +5 a Životy +5
A3: 16 | B3: Combat | C3: Expert boje | D3: 10 | E3: CP | F3: Doktrína VII; Adept boje | G3: Výdrž +5 a Životy +5; Umožňuje 1x za den opakovat hod na Zásah, Obranu, Střelbu nebo Vrh (Včetně Kritického neúspěchu)
A4: 18 | B4: Combat | C4: Mistr boje | D4: 20 | E4: CP | F4: Doktrína X; Expert boje | G4: Výdrž +10 a Životy +5; Opakovaný hod na Zásah/Obranu/Střelbu/Vrh nebude spotřebován, pokud vyústí v Kritický úspěch.
A5: 20 | B5: Combat | C5: Akrobatická obrana I | D5: 10 | E5: CP | F5: Akrobacie V; Souboj V / Střelba V | G5: Zvyšuje Kryt o 10% a Úhyb o 10%. Zvyšuje šanci na Kritický úspěch Úhybu o 3%. Zvyšuje hranici úspěchu pro Úhyb na 80%. Umožňuje redukovat přímé magické poškození o 50% při úspěšném versus Testu Úhybu proti Magickému útoku.
A6: 22 | B6: Combat | C6: Akrobatická obrana II | D6: 10 | E6: CP | F6: Akrobatická obrana I | G6: Pokud je vrchní vrstva zbroje Lehká, získá při Úhybu Odklonění +20%
A7: 24 | B7: Combat | C7: Akrobatická obrana III | D7: 10 | E7: CP | F7: Akrobatická obrana II; Akrobacie X | G7: Zvyšuje Úhyb o 10%. Zvyšuje šanci na Kritický úspěch Úhybu o 4%. Ruší hranici úspěchu pro Úhyb.
A8: 26 | B8: Combat | C8: Akrobat I | D8: 0 | E8: CP | F8: Akrobatická obrana I | G8: Pokud je Povalený, může jednou za kolo použít Volnou akci na Test Akrobacie (Velmi těžký), při úspěchu získává 1 Akci. Dodatečně může Testovat Rychlost (Velmi těžký), při úspěchu se nesnižuje Pořadí tahu na 1.
A9: 28 | B9: Combat | C9: Akrobat II | D9: 5 | E9: CP | F9: Akrobat I; Akrobacie: Adept | G9: Má-li být Povalen, může Testovat Akrobacii (-60%), při úspěchu se efektu Povalení vyhne a pohne se o jednu hexu dozadu. Tento pohyb nevyvolá příležitostný útok.
A10: 30 | B10: Combat | C10: Atletická vytrvalost | D10: 20 | E10: CP | F10: Atletika V | G10: Životy +5, Výdrž +10, může 1x za den opakovat hod na soubojový versus Test Síly.
A11: 32 | B11: Combat | C11: Bezpečný krok | D11: 5 | E11: CP | F11: Plížení VIII | G11: Při Pomalém pohybu okolo oponenta může Testovat Plížení (Legendární), při úspěchu nevyvolává Příležitostný útok, při neúspěchu se nemůže bránit.
A12: 34 | B12: Combat | C12: Bijec končetin | D12: 10 | E12: CP | F12: Zbraň VIII | G12: Zásah do rukou, nohou či hlavy způbobuje dodatečné zranění +2d4
A13: 36 | B13: Combat | C13: Bleskové reflexy | D13: 15 | E13: CP | F13: Vnímání 4; Doktrína V | G13: Nepřítel nemá Výhodu na útok za Neviditelnost a útoky na Neviditelný cíl nemají Nevýhodu. Postih za Slepotu je poloviční. Reakce +1
... A392: 831 | B392: Racial | C392: Ochrana nebes | D392: 5 | E392: CP | F392: Thoheth; Víra 5 | G392: Může používat Svatou energii místo Životů.
